报告路径,报告状态,报告等级,推断源文件,字符数,备注
"00-books-result/Love objects _ emotion, design, and material culture -- Anna Moran (Editor), Sor/B0298-quilted-bodies-report.md",,,,311,未进入中央索引；需先确认源文映射
"00-books-result/Love objects _ emotion, design, and material culture -- Anna Moran (Editor), Sor/B0299-projecting-subverting-identities-report.md",,,,302,未进入中央索引；需先确认源文映射
"00-books-result/Love objects _ emotion, design, and material culture -- Anna Moran (Editor), Sor/B0300-courtly-cruising-report.md",,,,298,未进入中央索引；需先确认源文映射
"00-books-result/Love objects _ emotion, design, and material culture -- Anna Moran (Editor), Sor/B0302-performing-masculinity-report.md",,,,283,未进入中央索引；需先确认源文映射
"00-books-result/Love objects _ emotion, design, and material culture -- Anna Moran (Editor), Sor/B0304-objects-and-embodiment-report.md",,,,849,未进入中央索引；需先确认源文映射
"00-books-result/Love objects _ emotion, design, and material culture -- Anna Moran (Editor), Sor/B0304-Objects-Embodiment-report.md",,,,429,未进入中央索引；需先确认源文映射
"00-books-result/Love objects _ emotion, design, and material culture -- Anna Moran (Editor), Sor/B0305-archive-affect-report.md",,,,274,未进入中央索引；需先确认源文映射
"00-books-result/Love objects _ emotion, design, and material culture -- Anna Moran (Editor), Sor/B0306-kitsch-enchantment-power-report.md",,,,274,未进入中央索引；需先确认源文映射
"00-books-result/Love objects _ emotion, design, and material culture -- Anna Moran (Editor), Sor/B0311-irish-romanian-home-making-report.md",,,,277,未进入中央索引；需先确认源文映射
"00-books-result/Love objects _ emotion, design, and material culture -- Anna Moran (Editor), Sor/B0312-meaningful-lasting-experiences-report.md",,,,294,未进入中央索引；需先确认源文映射
"00-books-result/Love objects _ emotion, design, and material culture -- Anna Moran (Editor), Sor/B0312-Meaningful-Lasting-User-Experiences-report.md",,,,461,未进入中央索引；需先确认源文映射
"00-books-result/Love objects _ emotion, design, and material culture -- Anna Moran (Editor), Sor/B0315-section-sex-birth-nurture-report.md",,,,296,未进入中央索引；需先确认源文映射
"00-books-result/Love objects _ emotion, design, and material culture -- Anna Moran (Editor), Sor/B0315-Sex-Birth-Nurture-repeat-report.md",,,,319,未进入中央索引；需先确认源文映射
"00-books-result/Love objects _ emotion, design, and material culture -- Anna Moran (Editor), Sor/B0316-Performing-Masculinity-repeat-report.md",,,,309,未进入中央索引；需先确认源文映射
"00-books-result/Love objects _ emotion, design, and material culture -- Anna Moran (Editor), Sor/B0316-section-performing-masculinity-report.md",,,,300,未进入中央索引；需先确认源文映射
"00-books-result/Love objects _ emotion, design, and material culture -- Anna Moran (Editor), Sor/B0317-love-objects-full-report.md",,,,308,未进入中央索引；需先确认源文映射
"00-books-result/Love objects _ emotion, design, and material culture -- Anna Moran (Editor), Sor/B0318-Love-Objects-preface-report.md",,,,281,未进入中央索引；需先确认源文映射
"00-books-result/Love objects _ emotion, design, and material culture -- Anna Moran (Editor), Sor/B0318-ocr-preface-love-objects-report.md",,,,284,未进入中央索引；需先确认源文映射
"00-books-result/Love objects _ emotion, design, and material culture -- Anna Moran (Editor), Sor/B0319-Love-Objects-contents-report.md",,,,263,未进入中央索引；需先确认源文映射
"00-books-result/Love objects _ emotion, design, and material culture -- Anna Moran (Editor), Sor/B0319-ocr-toc-contents-report.md",,,,260,未进入中央索引；需先确认源文映射
"00-books-result/Love objects _ emotion, design, and material culture -- Anna Moran (Editor), Sor/B0320-section-lives-of-objects-report.md",,,,286,未进入中央索引；需先确认源文映射
"00-books-result/Love objects _ emotion, design, and material culture -- Anna Moran (Editor), Sor/B0320-Section-One-Lives-of-Objects-report.md",,,,296,未进入中央索引；需先确认源文映射
"00-books-result/Love objects _ emotion, design, and material culture -- Anna Moran (Editor), Sor/B0322-fran-carter-preface-report.md",,,,264,未进入中央索引；需先确认源文映射
"00-books-result/Love objects _ emotion, design, and material culture -- Anna Moran (Editor), Sor/B0323-forgetting-keeping-giving-report.md",,,,265,未进入中央索引；需先确认源文映射
"00-books-result/Love objects _ emotion, design, and material culture -- Anna Moran (Editor), Sor/B0324-Notes-01-report.md",,,,199,未进入中央索引；需先确认源文映射
"00-books-result/Love objects _ emotion, design, and material culture -- Anna Moran (Editor), Sor/B0324-notes-keeping-giving-report.md",,,,266,未进入中央索引；需先确认源文映射
"00-books-result/Love objects _ emotion, design, and material culture -- Anna Moran (Editor), Sor/B0325-Notes-02-report.md",,,,214,未进入中央索引；需先确认源文映射
"00-books-result/Love objects _ emotion, design, and material culture -- Anna Moran (Editor), Sor/B0325-notes-section-report.md",,,,265,未进入中央索引；需先确认源文映射
"00-books-result/Love objects _ emotion, design, and material culture -- Anna Moran (Editor), Sor/B0326-body-life-cycle-textiles-report.md",,,,277,未进入中央索引；需先确认源文映射
"00-books-result/Love objects _ emotion, design, and material culture -- Anna Moran (Editor), Sor/B0326-Sex-Birth-Nurture-OCR-report.md",,,,282,未进入中央索引；需先确认源文映射
"00-books-result/Love objects _ emotion, design, and material culture -- Anna Moran (Editor), Sor/B0327-Introduction-01-report.md",,,,258,未进入中央索引；需先确认源文映射
"00-books-result/Love objects _ emotion, design, and material culture -- Anna Moran (Editor), Sor/B0327-section-introduction-report.md",,,,265,未进入中央索引；需先确认源文映射
"00-books-result/Love objects _ emotion, design, and material culture -- Anna Moran (Editor), Sor/B0328-Maternal-Memory-Coarse-Craft-report.md",,,,280,未进入中央索引；需先确认源文映射
"00-books-result/Love objects _ emotion, design, and material culture -- Anna Moran (Editor), Sor/B0328-maternal-memory-craft-report.md",,,,257,未进入中央索引；需先确认源文映射
"00-books-result/Love objects _ emotion, design, and material culture -- Anna Moran (Editor), Sor/B0329-maternal-notes-report.md",,,,239,未进入中央索引；需先确认源文映射
"00-books-result/Love objects _ emotion, design, and material culture -- Anna Moran (Editor), Sor/B0329-Notes-03-report.md",,,,199,未进入中央索引；需先确认源文映射
"00-books-result/Love objects _ emotion, design, and material culture -- Anna Moran (Editor), Sor/B0330-body-performing-masculinity-report.md",,,,260,未进入中央索引；需先确认源文映射
"00-books-result/Love objects _ emotion, design, and material culture -- Anna Moran (Editor), Sor/B0330-Performing-Masculinity-OCR-report.md",,,,287,未进入中央索引；需先确认源文映射
"00-books-result/Love objects _ emotion, design, and material culture -- Anna Moran (Editor), Sor/B0331-Introduction-02-report.md",,,,259,未进入中央索引；需先确认源文映射
"00-books-result/Love objects _ emotion, design, and material culture -- Anna Moran (Editor), Sor/B0331-section-introduction-gender-report.md",,,,264,未进入中央索引；需先确认源文映射
"00-books-result/Love objects _ emotion, design, and material culture -- Anna Moran (Editor), Sor/B0332-playboy-bachelor-report.md",,,,280,未进入中央索引；需先确认源文映射
"00-books-result/Love objects _ emotion, design, and material culture -- Anna Moran (Editor), Sor/B0333-gender-notes-report.md",,,,241,未进入中央索引；需先确认源文映射
"00-books-result/Love objects _ emotion, design, and material culture -- Anna Moran (Editor), Sor/B0333-Notes-04-report.md",,,,206,未进入中央索引；需先确认源文映射
"00-books-result/Love objects _ emotion, design, and material culture -- Anna Moran (Editor), Sor/B0334-Objects-Embodiment-Archive-report.md",,,,294,未进入中央索引；需先确认源文映射
"00-books-result/Love objects _ emotion, design, and material culture -- Anna Moran (Editor), Sor/B0334-objects-embodiment-seduced-report.md",,,,271,未进入中央索引；需先确认源文映射
"00-books-result/Love objects _ emotion, design, and material culture -- Anna Moran (Editor), Sor/B0335-Introduction-03-report.md",,,,258,未进入中央索引；需先确认源文映射
"00-books-result/Love objects _ emotion, design, and material culture -- Anna Moran (Editor), Sor/B0335-section-introduction-archive-report.md",,,,274,未进入中央索引；需先确认源文映射
"00-books-result/Love objects _ emotion, design, and material culture -- Anna Moran (Editor), Sor/B0336-life-in-archive-report.md",,,,253,未进入中央索引；需先确认源文映射
"00-books-result/Love objects _ emotion, design, and material culture -- Anna Moran (Editor), Sor/B0337-archive-notes-report.md",,,,239,未进入中央索引；需先确认源文映射
"00-books-result/Love objects _ emotion, design, and material culture -- Anna Moran (Editor), Sor/B0337-Notes-05-report.md",,,,195,未进入中央索引；需先确认源文映射
"00-books-result/Love objects _ emotion, design, and material culture -- Anna Moran (Editor), Sor/B0338-kitsch-enchantment-body-report.md",,,,279,未进入中央索引；需先确认源文映射
"00-books-result/Love objects _ emotion, design, and material culture -- Anna Moran (Editor), Sor/B0338-Kitsch-Enchantment-OCR-report.md",,,,268,未进入中央索引；需先确认源文映射
"00-books-result/Love objects _ emotion, design, and material culture -- Anna Moran (Editor), Sor/B0339-Introduction-04-report.md",,,,269,未进入中央索引；需先确认源文映射
"00-books-result/Love objects _ emotion, design, and material culture -- Anna Moran (Editor), Sor/B0339-section-kitsch-introduction-report.md",,,,284,未进入中央索引；需先确认源文映射
"00-books-result/Love objects _ emotion, design, and material culture -- Anna Moran (Editor), Sor/B0340-saint-sulpice-kitsch-report.md",,,,279,未进入中央索引；需先确认源文映射
"00-books-result/Love objects _ emotion, design, and material culture -- Anna Moran (Editor), Sor/B0341-Introduction-05-report.md",,,,251,未进入中央索引；需先确认源文映射
"00-books-result/Love objects _ emotion, design, and material culture -- Anna Moran (Editor), Sor/B0341-section-war-memory-introduction-report.md",,,,268,未进入中央索引；需先确认源文映射
"00-books-result/Love objects _ emotion, design, and material culture -- Anna Moran (Editor), Sor/B0342-Notes-06-report.md",,,,199,未进入中央索引；需先确认源文映射
"00-books-result/Love objects _ emotion, design, and material culture -- Anna Moran (Editor), Sor/B0342-section-relation-introduction-report.md",,,,256,未进入中央索引；需先确认源文映射
"00-books-result/Love objects _ emotion, design, and material culture -- Anna Moran (Editor), Sor/B0343-family-memory-photography-report.md",,,,257,未进入中央索引；需先确认源文映射
"00-books-result/Love objects _ emotion, design, and material culture -- Anna Moran (Editor), Sor/B0343-relations-report.md",,,,207,未进入中央索引；需先确认源文映射
"00-books-result/Love objects _ emotion, design, and material culture -- Anna Moran (Editor), Sor/B0343-Section-Four-Mediating-Relationships-report.md",,,,1079,未进入中央索引；需先确认源文映射
"00-books-result/Love objects _ emotion, design, and material culture -- Anna Moran (Editor), Sor/B0344-Introduction-06-report.md",,,,204,未进入中央索引；需先确认源文映射
"00-books-result/Love objects _ emotion, design, and material culture -- Anna Moran (Editor), Sor/B0344-section-home-memory-introduction-report.md",,,,265,未进入中央索引；需先确认源文映射
"00-books-result/Love objects _ emotion, design, and material culture -- Anna Moran (Editor), Sor/B0345-Family-Memory-Photography-report.md",,,,210,未进入中央索引；需先确认源文映射
"00-books-result/Love objects _ emotion, design, and material culture -- Anna Moran (Editor), Sor/B0345-meaning-made-belief-report.md",,,,261,未进入中央索引；需先确认源文映射
"00-books-result/Love objects _ emotion, design, and material culture -- Anna Moran (Editor), Sor/B0346-Introduction-07-report.md",,,,199,未进入中央索引；需先确认源文映射
"00-books-result/Love objects _ emotion, design, and material culture -- Anna Moran (Editor), Sor/B0346-section-memory-introduction-report.md",,,,270,未进入中央索引；需先确认源文映射
"00-books-result/Love objects _ emotion, design, and material culture -- Anna Moran (Editor), Sor/B0347-Introduction-08-report.md",,,,216,未进入中央索引；需先确认源文映射
"00-books-result/Love objects _ emotion, design, and material culture -- Anna Moran (Editor), Sor/B0347-section-meaning-introduction-report.md",,,,274,未进入中央索引；需先确认源文映射
"00-books-result/Love objects _ emotion, design, and material culture -- Anna Moran (Editor), Sor/B0348-Meaning-and-Made-report.md",,,,222,未进入中央索引；需先确认源文映射
"00-books-result/Love objects _ emotion, design, and material culture -- Anna Moran (Editor), Sor/B0348-meaning-made-belief-body-report.md",,,,260,未进入中央索引；需先确认源文映射
"00-books-result/Love objects _ emotion, design, and material culture -- Anna Moran (Editor), Sor/B0349-Bibliography-OCR-report.md",,,,3083,未进入中央索引；需先确认源文映射
"00-books-result/Love objects _ emotion, design, and material culture -- Anna Moran (Editor), Sor/B0349-ocr-bibliography-report.md",,,,3146,未进入中央索引；需先确认源文映射
"00-books-result/Love objects _ emotion, design, and material culture -- Anna Moran (Editor), Sor/B0350-Index-report.md",,,,184,未进入中央索引；需先确认源文映射
"00-books-result/Love objects _ emotion, design, and material culture -- Anna Moran (Editor), Sor/B0350-ocr-index-report.md",,,,234,未进入中央索引；需先确认源文映射
"00-books-result/MINDELL, DAVID A. Automation's Finest Hour Radar and System Integration in World/B0351-automation-finest-hour-title-report.md",,,,267,未进入中央索引；需先确认源文映射
"00-books-result/MINDELL, DAVID A. Automation's Finest Hour Radar and System Integration in World/B0351-Automations-Finest-Hour-report.md",,,,3192,未进入中央索引；需先确认源文映射
"00-books-result/MINDELL, DAVID A. Automation's Finest Hour Radar and System Integration in World/B0352-control-training-report.md",,,,238,未进入中央索引；需先确认源文映射
"00-books-result/MINDELL, DAVID A. Automation's Finest Hour Radar and System Integration in World/B0353-More-Than-Sum-Components-report.md",,,,223,未进入中央索引；需先确认源文映射
"00-books-result/MINDELL, DAVID A. Automation's Finest Hour Radar and System Integration in World/B0353-system-integration-report.md",,,,234,未进入中央索引；需先确认源文映射
"00-books-result/MINDELL, DAVID A. Automation's Finest Hour Radar and System Integration in World/B0354-mindell-full-report.md",,,,240,未进入中央索引；需先确认源文映射
"00-books-result/MINDELL, DAVID A. Automation's Finest Hour Radar and System Integration in World/B0355-Automation-Preface-OCR-report.md",,,,197,未进入中央索引；需先确认源文映射
"00-books-result/MINDELL, DAVID A. Automation's Finest Hour Radar and System Integration in World/B0355-mindell-preface-report.md",,,,230,未进入中央索引；需先确认源文映射
"00-books-result/MINDELL, DAVID A. Automation's Finest Hour Radar and System Integration in World/B0356-Difficult-Stepchild-Radar-report.md",,,,260,未进入中央索引；需先确认源文映射
"00-books-result/MINDELL, DAVID A. Automation's Finest Hour Radar and System Integration in World/B0356-difficult-stepchild-report.md",,,,256,未进入中央索引；需先确认源文映射
"00-books-result/MINDELL, DAVID A. Automation's Finest Hour Radar and System Integration in World/B0357-mindell-notes-report.md",,,,228,未进入中央索引；需先确认源文映射
"00-books-result/Personas, Participatory Design and Product Development An Infrastructure for Engagement/B0358-personas-participatory-design-report.md",,,,3429,未进入中央索引；需先确认源文映射
"00-books-result/Personas, Participatory Design and Product Development An Infrastructure for Engagement/B0360-personas-full-report.md",,,,282,未进入中央索引；需先确认源文映射
00-books-result/Pioneers Of Modern Design -- Nikolaus Pevsner -- 79d1b31976f272a671ce2a3b7a2db14/B0362-pioneers-title-page-report.md,,,,246,未进入中央索引；需先确认源文映射
00-books-result/Pioneers Of Modern Design -- Nikolaus Pevsner -- 79d1b31976f272a671ce2a3b7a2db14/B0366-Jubilee-Edition-report.md,,,,236,未进入中央索引；需先确认源文映射
00-books-result/Pioneers Of Modern Design -- Nikolaus Pevsner -- 79d1b31976f272a671ce2a3b7a2db14/B0367-Pioneers-full-report.md,,,,273,未进入中央索引；需先确认源文映射
00-books-result/Scandinavian Design Alternative Histories (Kjetil Fallan (editor))/B0372-Introduction-report.md,,,,3137,未进入中央索引；需先确认源文映射
00-books-result/Scandinavian Design Alternative Histories (Kjetil Fallan (editor))/B0373-Historiography-report.md,,,,243,未进入中央索引；需先确认源文映射
00-books-result/Scandinavian Design Alternative Histories (Kjetil Fallan (editor))/B0374-Denmark-report.md,,,,2953,未进入中央索引；需先确认源文映射
00-books-result/Scandinavian Design Alternative Histories (Kjetil Fallan (editor))/B0376-Sweden-Authorship-report.md,,,,224,未进入中央索引；需先确认源文映射
00-books-result/Scandinavian Design Alternative Histories (Kjetil Fallan (editor))/B0377-Degrees-Artfulness-report.md,,,,227,未进入中央索引；需先确认源文映射
00-books-result/Scandinavian Design Alternative Histories (Kjetil Fallan (editor))/B0378-Turning-Design-Into-Art-report.md,,,,3246,未进入中央索引；需先确认源文映射
00-books-result/Scandinavian Design Alternative Histories (Kjetil Fallan (editor))/B0380-Honest-Advertisement-report.md,,,,3020,未进入中央索引；需先确认源文映射
00-books-result/Scandinavian Design Alternative Histories (Kjetil Fallan (editor))/B0382-Hole-in-Wall-report.md,,,,223,未进入中央索引；需先确认源文映射
00-books-result/Scandinavian Design Alternative Histories (Kjetil Fallan (editor))/B0383-RVM-Tomra-report.md,,,,234,未进入中央索引；需先确认源文映射
00-books-result/Scandinavian Design Alternative Histories (Kjetil Fallan (editor))/B0385-Designing-Goldfish-report.md,,,,218,未进入中央索引；需先确认源文映射
00-books-result/Scandinavian Design Alternative Histories (Kjetil Fallan (editor))/B0387-Comfortable-Modernism-report.md,,,,3070,未进入中央索引；需先确认源文映射
00-books-result/Scandinavian Design Alternative Histories (Kjetil Fallan (editor))/B0388-New-Pluralism-Jacob-Jensen-report.md,,,,3103,未进入中央索引；需先确认源文映射
00-books-result/Scandinavian Design Alternative Histories (Kjetil Fallan (editor))/B0389-Personality-Signature-Design-report.md,,,,244,未进入中央索引；需先确认源文映射
00-books-result/Scandinavian Design Alternative Histories (Kjetil Fallan (editor))/B0390-Appropriation-Personalization-report.md,,,,230,未进入中央索引；需先确认源文映射
00-books-result/Scandinavian Design Alternative Histories (Kjetil Fallan (editor))/B0394-Modern-Still-Life-report.md,,,,239,未进入中央索引；需先确认源文映射
00-books-result/Scandinavian Design Alternative Histories (Kjetil Fallan (editor))/B0395-Swedish-Volvo-report.md,,,,231,未进入中央索引；需先确认源文映射
00-books-result/Scandinavian Design Alternative Histories (Kjetil Fallan (editor))/B0399-Chapter-3-Handwoven-report.md,,,,3141,未进入中央索引；需先确认源文映射
00-books-result/Scandinavian Design Alternative Histories (Kjetil Fallan (editor))/B0400-Chapters-6-7-report.md,,,,212,未进入中央索引；需先确认源文映射
00-books-result/Scandinavian Design Alternative Histories (Kjetil Fallan (editor))/B0401-Chapters-8-9-report.md,,,,205,未进入中央索引；需先确认源文映射
00-books-result/Scandinavian Design Alternative Histories (Kjetil Fallan (editor))/B0402-Chapters-11-12-report.md,,,,228,未进入中央索引；需先确认源文映射
00-books-result/Scandinavian Design Alternative Histories (Kjetil Fallan (editor))/B0406-OCR-Authors-Introduction-report.md,,,,205,未进入中央索引；需先确认源文映射
00-books-result/Scandinavian Design Alternative Histories (Kjetil Fallan (editor))/B0407-OCR-Introduction-Body-report.md,,,,194,未进入中央索引；需先确认源文映射
00-books-result/Scandinavian Design Alternative Histories (Kjetil Fallan (editor))/B0408-OCR-Historiography-report.md,,,,233,未进入中央索引；需先确认源文映射
00-books-result/Scandinavian Design Alternative Histories (Kjetil Fallan (editor))/B0409-OCR-Body-8-8-report.md,,,,182,未进入中央索引；需先确认源文映射
00-books-result/Scandinavian Design Alternative Histories (Kjetil Fallan (editor))/B0410-OCR-Honest-Advertisement-report.md,,,,207,未进入中央索引；需先确认源文映射
00-books-result/Scandinavian Design Alternative Histories (Kjetil Fallan (editor))/B0411-OCR-Conclusion-Scandinavian-report.md,,,,206,未进入中央索引；需先确认源文映射
00-books-result/Scandinavian Design Alternative Histories (Kjetil Fallan (editor))/B0412-notes-report.md,,,,165,未进入中央索引；需先确认源文映射
00-books-result/Scandinavian Design Alternative Histories (Kjetil Fallan (editor))/B0413-OCR-Introduction-report.md,,,,180,未进入中央索引；需先确认源文映射
00-books-result/Scandinavian Design Alternative Histories (Kjetil Fallan (editor))/B0414-Chapter-1-Historiography-report.md,,,,274,未进入中央索引；需先确认源文映射
00-books-result/Scandinavian Design Alternative Histories (Kjetil Fallan (editor))/B0415-Select-Bibliography-Index-report.md,,,,270,未进入中央索引；需先确认源文映射
"00-books-result/SEAGO, ALEX, AND ANTHONY DUNNE. New Methods in Art and Design Research The Objec/B0368-New-Methodologies-Art-Design-report.md",,,,260,未进入中央索引；需先确认源文映射
"00-books-result/SEAGO, ALEX, AND ANTHONY DUNNE. New Methods in Art and Design Research The Objec/B0369-Object-as-Research-Discourse-report.md",,,,3149,未进入中央索引；需先确认源文映射
"00-books-result/SEAGO, ALEX, AND ANTHONY DUNNE. New Methods in Art and Design Research The Objec/B0370-Seago-Dunne-full-report.md",,,,270,未进入中央索引；需先确认源文映射
00-books-result/Taste and Power _ Furnishing Modern France -- Leora Auslander -- University of C/B0416-Representation-Style-Taste-report.md,,,,251,未进入中央索引；需先确认源文映射
00-books-result/Taste and Power _ Furnishing Modern France -- Leora Auslander -- University of C/B0419-Fathers-Masters-Kings-report.md,,,,240,未进入中央索引；需先确认源文映射
00-books-result/Taste and Power _ Furnishing Modern France -- Leora Auslander -- University of C/B0422-New-Politics-Everyday-report.md,,,,251,未进入中央索引；需先确认源文映射
00-books-result/Taste and Power _ Furnishing Modern France -- Leora Auslander -- University of C/B0424-Part-Three-report.md,,,,210,未进入中央索引；需先确认源文映射
00-books-result/Taste and Power _ Furnishing Modern France -- Leora Auslander -- University of C/B0428-Labor-Citizenship-report.md,,,,256,未进入中央索引；需先确认源文映射
00-books-result/Taste and Power _ Furnishing Modern France -- Leora Auslander -- University of C/B0434-Taste-and-Power-full-report.md,,,,245,未进入中央索引；需先确认源文映射
"00-books-result/The arts and crafts movement (Blakesley, Rosalind P. (Rosalind Polly)) (z-librar/B0435-Digitized-Archive-report.md",,,,190,未进入中央索引；需先确认源文映射
"00-books-result/The arts and crafts movement (Blakesley, Rosalind P. (Rosalind Polly)) (z-librar/B0436-Arts-Crafts-Enormous-Influence-report.md",,,,297,未进入中央索引；需先确认源文映射
"00-books-result/The arts and crafts movement (Blakesley, Rosalind P. (Rosalind Polly)) (z-librar/B0437-Handloom-Britain-report.md",,,,284,未进入中央索引；需先确认源文映射
"00-books-result/The arts and crafts movement (Blakesley, Rosalind P. (Rosalind Polly)) (z-librar/B0439-Sussex-Chairs-Morris-report.md",,,,264,未进入中央索引；需先确认源文映射
"00-books-result/The arts and crafts movement (Blakesley, Rosalind P. (Rosalind Polly)) (z-librar/B0441-Rich-Movement-International-report.md",,,,271,未进入中央索引；需先确认源文映射
"00-books-result/The arts and crafts movement (Blakesley, Rosalind P. (Rosalind Polly)) (z-librar/B0444-Russia-report.md",,,,256,未进入中央索引；需先确认源文映射
"00-books-result/The arts and crafts movement (Blakesley, Rosalind P. (Rosalind Polly)) (z-librar/B0445-Four-Countries-report.md",,,,269,未进入中央索引；需先确认源文映射
"00-books-result/The arts and crafts movement (Blakesley, Rosalind P. (Rosalind Polly)) (z-librar/B0447-Epistle-report.md",,,,217,未进入中央索引；需先确认源文映射
"00-books-result/The arts and crafts movement (Blakesley, Rosalind P. (Rosalind Polly)) (z-librar/B0448-Movement-Decline-report.md",,,,263,未进入中央索引；需先确认源文映射
"00-books-result/The arts and crafts movement (Blakesley, Rosalind P. (Rosalind Polly)) (z-librar/B0449-Genesis-Chronology-report.md",,,,233,未进入中央索引；需先确认源文映射
"00-books-result/The design history reader -- Grace Lees-Maffei, Rebecca Houze (eds_) -- New York/B0459-Indian-Basket-report.md",,,,266,未进入中央索引；需先确认源文映射
"00-books-result/The design history reader -- Grace Lees-Maffei, Rebecca Houze (eds_) -- New York/B0460-Slipware-Dish-report.md",,,,255,未进入中央索引；需先确认源文映射
"00-books-result/The design history reader -- Grace Lees-Maffei, Rebecca Houze (eds_) -- New York/B0468-Introduction-Industrial-Reform-report.md",,,,194,未进入中央索引；需先确认源文映射
"00-books-result/The design history reader -- Grace Lees-Maffei, Rebecca Houze (eds_) -- New York/B0471-Nature-of-Gothic-report.md",,,,249,未进入中央索引；需先确认源文映射
"00-books-result/The design history reader -- Grace Lees-Maffei, Rebecca Houze (eds_) -- New York/B0472-Ideal-Book-report.md",,,,263,未进入中央索引；需先确认源文映射
"00-books-result/The design history reader -- Grace Lees-Maffei, Rebecca Houze (eds_) -- New York/B0477-Introduction-Modernism-Greenhalgh-report.md",,,,246,未进入中央索引；需先确认源文映射
"00-books-result/The design history reader -- Grace Lees-Maffei, Rebecca Houze (eds_) -- New York/B0479-Werkbund-Theses-report.md",,,,242,未进入中央索引；需先确认源文映射
"00-books-result/The design history reader -- Grace Lees-Maffei, Rebecca Houze (eds_) -- New York/B0480-Modern-Movement-Before-1914-report.md",,,,278,未进入中央索引；需先确认源文映射
"00-books-result/The design history reader -- Grace Lees-Maffei, Rebecca Houze (eds_) -- New York/B0485-Populuxe-report.md",,,,218,未进入中央索引；需先确认源文映射
"00-books-result/The design history reader -- Grace Lees-Maffei, Rebecca Houze (eds_) -- New York/B0490-Learning-from-Las-Vegas-report.md",,,,276,未进入中央索引；需先确认源文映射
"00-books-result/The design history reader -- Grace Lees-Maffei, Rebecca Houze (eds_) -- New York/B0494-Philippe-Starck-report.md",,,,249,未进入中央索引；需先确认源文映射
"00-books-result/The design history reader -- Grace Lees-Maffei, Rebecca Houze (eds_) -- New York/B0495-Fabricating-Identities-Jamaica-report.md",,,,220,未进入中央索引；需先确认源文映射
"00-books-result/The design history reader -- Grace Lees-Maffei, Rebecca Houze (eds_) -- New York/B0505-Introduction-Design-History-Methods-02-report.md",,,,195,未进入中央索引；需先确认源文映射
"00-books-result/The design history reader -- Grace Lees-Maffei, Rebecca Houze (eds_) -- New York/B0509-Design-History-History-of-Design-02-report.md",,,,217,未进入中央索引；需先确认源文映射
"00-books-result/The design history reader -- Grace Lees-Maffei, Rebecca Houze (eds_) -- New York/B0516-Refrigerator-Hum-report.md",,,,226,未进入中央索引；需先确认源文映射
"00-books-result/The design history reader -- Grace Lees-Maffei, Rebecca Houze (eds_) -- New York/B0517-History-of-Craft-report.md",,,,209,未进入中央索引；需先确认源文映射
"00-books-result/The design history reader -- Grace Lees-Maffei, Rebecca Houze (eds_) -- New York/B0518-Shaker-Furniture-report.md",,,,232,未进入中央索引；需先确认源文映射
"00-books-result/The design history reader -- Grace Lees-Maffei, Rebecca Houze (eds_) -- New York/B0521-Feminist-Critiques-report.md",,,,218,未进入中央索引；需先确认源文映射
"00-books-result/The design history reader -- Grace Lees-Maffei, Rebecca Houze (eds_) -- New York/B0522-Architects-Wife-report.md",,,,217,未进入中央索引；需先确认源文映射
"00-books-result/The design history reader -- Grace Lees-Maffei, Rebecca Houze (eds_) -- New York/B0534-Mechanical-Reproduction-report.md",,,,239,未进入中央索引；需先确认源文映射
"00-books-result/The design history reader -- Grace Lees-Maffei, Rebecca Houze (eds_) -- New York/B0536-Decorators-Doctors-report.md",,,,208,未进入中央索引；需先确认源文映射
"00-books-result/The design history reader -- Grace Lees-Maffei, Rebecca Houze (eds_) -- New York/B0538-Design-Modern-Magazine-report.md",,,,216,未进入中央索引；需先确认源文映射
"00-books-result/The design history reader -- Grace Lees-Maffei, Rebecca Houze (eds_) -- New York/B0540-Local-Regional-National-Global-report.md",,,,1076,未进入中央索引；需先确认源文映射
"00-books-result/The design history reader -- Grace Lees-Maffei, Rebecca Houze (eds_) -- New York/B0541-Introduction-Global-Scales-report.md",,,,2947,未进入中央索引；需先确认源文映射
"00-books-result/The design history reader -- Grace Lees-Maffei, Rebecca Houze (eds_) -- New York/B0543-Furniture-Colonialism-report.md",,,,201,未进入中央索引；需先确认源文映射
"00-books-result/The design history reader -- Grace Lees-Maffei, Rebecca Houze (eds_) -- New York/B0546-reader-full-report.md",,,,181,未进入中央索引；需先确认源文映射
"00-books-result/The design history reader -- Grace Lees-Maffei, Rebecca Houze (eds_) -- New York/B0547-OCR-Preface-Title-report.md",,,,171,未进入中央索引；需先确认源文映射
"00-books-result/The design history reader -- Grace Lees-Maffei, Rebecca Houze (eds_) -- New York/B0548-OCR-Contents-report.md",,,,160,未进入中央索引；需先确认源文映射
"00-books-result/The design history reader -- Grace Lees-Maffei, Rebecca Houze (eds_) -- New York/B0549-Parts-Histories-Methods-report.md",,,,181,未进入中央索引；需先确认源文映射
"00-books-result/The design history reader -- Grace Lees-Maffei, Rebecca Houze (eds_) -- New York/B0550-OCR-Contents-Alternative-report.md",,,,169,未进入中央索引；需先确认源文映射
"00-books-result/The design history reader -- Grace Lees-Maffei, Rebecca Houze (eds_) -- New York/B0551-OCR-Acknowledgements-Introduction-report.md",,,,3029,未进入中央索引；需先确认源文映射
"00-books-result/The design history reader -- Grace Lees-Maffei, Rebecca Houze (eds_) -- New York/B0552-Notes-01-report.md",,,,162,未进入中央索引；需先确认源文映射
"00-books-result/The design history reader -- Grace Lees-Maffei, Rebecca Houze (eds_) -- New York/B0553-OCR-Slipware-Preface-report.md",,,,199,未进入中央索引；需先确认源文映射
"00-books-result/The design history reader -- Grace Lees-Maffei, Rebecca Houze (eds_) -- New York/B0554-Notes-02-report.md",,,,150,未进入中央索引；需先确认源文映射
"00-books-result/The design history reader -- Grace Lees-Maffei, Rebecca Houze (eds_) -- New York/B0555-OCR-Division-Labour-report.md",,,,183,未进入中央索引；需先确认源文映射
"00-books-result/The design history reader -- Grace Lees-Maffei, Rebecca Houze (eds_) -- New York/B0556-Humanizing-Modernism-report.md",,,,218,未进入中央索引；需先确认源文映射
"00-books-result/The design history reader -- Grace Lees-Maffei, Rebecca Houze (eds_) -- New York/B0557-Notes-03-report.md",,,,150,未进入中央索引；需先确认源文映射
"00-books-result/The design history reader -- Grace Lees-Maffei, Rebecca Houze (eds_) -- New York/B0558-In-Londons-Maze-report.md",,,,187,未进入中央索引；需先确认源文映射
"00-books-result/The design history reader -- Grace Lees-Maffei, Rebecca Houze (eds_) -- New York/B0559-Notes-04-report.md",,,,152,未进入中央索引；需先确认源文映射
"00-books-result/The design history reader -- Grace Lees-Maffei, Rebecca Houze (eds_) -- New York/B0560-Self-Made-Motormen-OCR-report.md",,,,177,未进入中央索引；需先确认源文映射
"00-books-result/The design history reader -- Grace Lees-Maffei, Rebecca Houze (eds_) -- New York/B0561-Introduction-Working-Class-Objects-report.md",,,,186,未进入中央索引；需先确认源文映射
"00-books-result/The design history reader -- Grace Lees-Maffei, Rebecca Houze (eds_) -- New York/B0562-Social-Cultural-Meaning-report.md",,,,197,未进入中央索引；需先确认源文映射
"00-books-result/The design history reader -- Grace Lees-Maffei, Rebecca Houze (eds_) -- New York/B0563-Notes-Guide-Working-Class-report.md",,,,205,未进入中央索引；需先确认源文映射
"00-books-result/The design history reader -- Grace Lees-Maffei, Rebecca Houze (eds_) -- New York/B0564-Section-10-Consumption-report.md",,,,202,未进入中央索引；需先确认源文映射
"00-books-result/The design history reader -- Grace Lees-Maffei, Rebecca Houze (eds_) -- New York/B0565-Consumption-Introduction-OCR-report.md",,,,2951,未进入中央索引；需先确认源文映射
"00-books-result/The design history reader -- Grace Lees-Maffei, Rebecca Houze (eds_) -- New York/B0566-Notes-Consumption-01-report.md",,,,173,未进入中央索引；需先确认源文映射
"00-books-result/The design history reader -- Grace Lees-Maffei, Rebecca Houze (eds_) -- New York/B0567-Commodity-Fetishism-OCR-report.md",,,,184,未进入中央索引；需先确认源文映射
"00-books-result/The design history reader -- Grace Lees-Maffei, Rebecca Houze (eds_) -- New York/B0568-Notes-Commodity-Fetishism-report.md",,,,178,未进入中央索引；需先确认源文映射
"00-books-result/The design history reader -- Grace Lees-Maffei, Rebecca Houze (eds_) -- New York/B0569-Conspicuous-Consumption-OCR-report.md",,,,194,未进入中央索引；需先确认源文映射
"00-books-result/The design history reader -- Grace Lees-Maffei, Rebecca Houze (eds_) -- New York/B0570-Notes-Conspicuous-Consumption-report.md",,,,183,未进入中央索引；需先确认源文映射
"00-books-result/The design history reader -- Grace Lees-Maffei, Rebecca Houze (eds_) -- New York/B0571-Distinction-Introduction-OCR-report.md",,,,2959,未进入中央索引；需先确认源文映射
"00-books-result/The design history reader -- Grace Lees-Maffei, Rebecca Houze (eds_) -- New York/B0572-Pierre-Bourdieu-1979-report.md",,,,176,未进入中央索引；需先确认源文映射
"00-books-result/The design history reader -- Grace Lees-Maffei, Rebecca Houze (eds_) -- New York/B0573-Introduction-Distinction-Second-report.md",,,,186,未进入中央索引；需先确认源文映射
"00-books-result/The design history reader -- Grace Lees-Maffei, Rebecca Houze (eds_) -- New York/B0574-Sense-of-Distinction-OCR-report.md",,,,191,未进入中央索引；需先确认源文映射
"00-books-result/The design history reader -- Grace Lees-Maffei, Rebecca Houze (eds_) -- New York/B0575-Notes-Distinction-report.md",,,,174,未进入中央索引；需先确认源文映射
"00-books-result/The design history reader -- Grace Lees-Maffei, Rebecca Houze (eds_) -- New York/B0576-Tupperware-Party-OCR-report.md",,,,191,未进入中央索引；需先确认源文映射
"00-books-result/The design history reader -- Grace Lees-Maffei, Rebecca Houze (eds_) -- New York/B0577-Manufacturing-Consumption-Preface-report.md",,,,202,未进入中央索引；需先确认源文映射
"00-books-result/The design history reader -- Grace Lees-Maffei, Rebecca Houze (eds_) -- New York/B0578-Notes-Manufacturing-Consumption-report.md",,,,179,未进入中央索引；需先确认源文映射
"00-books-result/The design history reader -- Grace Lees-Maffei, Rebecca Houze (eds_) -- New York/B0579-Revolution-Marketed-OCR-report.md",,,,188,未进入中央索引；需先确认源文映射
"00-books-result/The design history reader -- Grace Lees-Maffei, Rebecca Houze (eds_) -- New York/B0580-Notes-Guide-Consumption-report.md",,,,193,未进入中央索引；需先确认源文映射
"00-books-result/The design history reader -- Grace Lees-Maffei, Rebecca Houze (eds_) -- New York/B0581-Section-11-Mediation-report.md",,,,185,未进入中央索引；需先确认源文映射
"00-books-result/The design history reader -- Grace Lees-Maffei, Rebecca Houze (eds_) -- New York/B0582-Mediation-Introduction-OCR-report.md",,,,2932,未进入中央索引；需先确认源文映射
"00-books-result/The design history reader -- Grace Lees-Maffei, Rebecca Houze (eds_) -- New York/B0583-Mechanical-Reproduction-OCR-report.md",,,,210,未进入中央索引；需先确认源文映射
"00-books-result/The design history reader -- Grace Lees-Maffei, Rebecca Houze (eds_) -- New York/B0584-House-Decoration-Introduction-report.md",,,,173,未进入中央索引；需先确认源文映射
"00-books-result/The design history reader -- Grace Lees-Maffei, Rebecca Houze (eds_) -- New York/B0585-Garrett-House-Decoration-report.md",,,,189,未进入中央索引；需先确认源文映射
"00-books-result/The design history reader -- Grace Lees-Maffei, Rebecca Houze (eds_) -- New York/B0586-Notes-House-Decoration-report.md",,,,162,未进入中央索引；需先确认源文映射
"00-books-result/The design history reader -- Grace Lees-Maffei, Rebecca Houze (eds_) -- New York/B0587-Integrative-Practice-OCR-report.md",,,,174,未进入中央索引；需先确认源文映射
"00-books-result/The design history reader -- Grace Lees-Maffei, Rebecca Houze (eds_) -- New York/B0588-mediation-notes-report.md",,,,149,未进入中央索引；需先确认源文映射
"00-books-result/The design history reader -- Grace Lees-Maffei, Rebecca Houze (eds_) -- New York/B0589-Notes-Mediation-Second-report.md",,,,152,未进入中央索引；需先确认源文映射
"00-books-result/The design history reader -- Grace Lees-Maffei, Rebecca Houze (eds_) -- New York/B0590-Modern-Magazine-Introduction-OCR-report.md",,,,203,未进入中央索引；需先确认源文映射
"00-books-result/The design history reader -- Grace Lees-Maffei, Rebecca Houze (eds_) -- New York/B0591-Aynsley-Forde-Modern-Magazine-report.md",,,,219,未进入中央索引；需先确认源文映射
"00-books-result/The design history reader -- Grace Lees-Maffei, Rebecca Houze (eds_) -- New York/B0592-Notes-Guide-Modern-Magazine-report.md",,,,174,未进入中央索引；需先确认源文映射
"00-books-result/The design history reader -- Grace Lees-Maffei, Rebecca Houze (eds_) -- New York/B0593-Section-12-Spatial-Scales-report.md",,,,222,未进入中央索引；需先确认源文映射
"00-books-result/The design history reader -- Grace Lees-Maffei, Rebecca Houze (eds_) -- New York/B0594-Global-Scales-Introduction-OCR-report.md",,,,194,未进入中央索引；需先确认源文映射
"00-books-result/The design history reader -- Grace Lees-Maffei, Rebecca Houze (eds_) -- New York/B0595-Finding-Poland-OCR-report.md",,,,196,未进入中央索引；需先确认源文映射
"00-books-result/The design history reader -- Grace Lees-Maffei, Rebecca Houze (eds_) -- New York/B0597-Warsaw-Zakopane-report.md",,,,171,未进入中央索引；需先确认源文映射
"00-books-result/The design history reader -- Grace Lees-Maffei, Rebecca Houze (eds_) -- New York/B0598-Notes-Zakopane-report.md",,,,156,未进入中央索引；需先确认源文映射
"00-books-result/The design history reader -- Grace Lees-Maffei, Rebecca Houze (eds_) -- New York/B0599-Section-2-Introduction-OCR-report.md",,,,2942,未进入中央索引；需先确认源文映射
"00-books-result/The design history reader -- Grace Lees-Maffei, Rebecca Houze (eds_) -- New York/B0600-Furniture-Colonialism-OCR-report.md",,,,189,未进入中央索引；需先确认源文映射
"00-books-result/The design history reader -- Grace Lees-Maffei, Rebecca Houze (eds_) -- New York/B0601-Notes-Furniture-Colonialism-report.md",,,,168,未进入中央索引；需先确认源文映射
"00-books-result/The design history reader -- Grace Lees-Maffei, Rebecca Houze (eds_) -- New York/B0602-Notes-Regional-Design-report.md",,,,166,未进入中央索引；需先确认源文映射
"00-books-result/The design history reader -- Grace Lees-Maffei, Rebecca Houze (eds_) -- New York/B0603-Land-Rover-Colonial-Style-OCR-report.md",,,,203,未进入中央索引；需先确认源文映射
"00-books-result/The design history reader -- Grace Lees-Maffei, Rebecca Houze (eds_) -- New York/B0604-Land-Rover-Introduction-report.md",,,,2952,未进入中央索引；需先确认源文映射
"00-books-result/The design history reader -- Grace Lees-Maffei, Rebecca Houze (eds_) -- New York/B0605-Land-Rover-Advertising-report.md",,,,208,未进入中央索引；需先确认源文映射
"00-books-result/The design history reader -- Grace Lees-Maffei, Rebecca Houze (eds_) -- New York/B0606-Notes-Land-Rover-report.md",,,,169,未进入中央索引；需先确认源文映射
"00-books-result/The design history reader -- Grace Lees-Maffei, Rebecca Houze (eds_) -- New York/B0607-Swoosh-Identity-OCR-report.md",,,,201,未进入中央索引；需先确认源文映射
"00-books-result/The design history reader -- Grace Lees-Maffei, Rebecca Houze (eds_) -- New York/B0609-Notes-Swoosh-01-report.md",,,,174,未进入中央索引；需先确认源文映射
"00-books-result/The design history reader -- Grace Lees-Maffei, Rebecca Houze (eds_) -- New York/B0610-Swoosh-Romania-Haiti-report.md",,,,223,未进入中央索引；需先确认源文映射
"00-books-result/The design history reader -- Grace Lees-Maffei, Rebecca Houze (eds_) -- New York/B0611-Notes-Guide-Global-Design-report.md",,,,204,未进入中央索引；需先确认源文映射
"00-books-result/The design history reader -- Grace Lees-Maffei, Rebecca Houze (eds_) -- New York/B0612-Illustrations-Contributors-OCR-report.md",,,,2963,未进入中央索引；需先确认源文映射
"00-books-result/The design history reader -- Grace Lees-Maffei, Rebecca Houze (eds_) -- New York/B0613-Bibliography-Index-Craft-report.md",,,,182,未进入中央索引；需先确认源文映射
"00-books-result/The design history reader -- Grace Lees-Maffei, Rebecca Houze (eds_) -- New York/B0614-Ideal-Book-OCR-Preface-report.md",,,,206,未进入中央索引；需先确认源文映射
"00-books-result/The design history reader -- Grace Lees-Maffei, Rebecca Houze (eds_) -- New York/B0615-Notes-Ideal-Book-report.md",,,,194,未进入中央索引；需先确认源文映射
"00-books-result/The design history reader -- Grace Lees-Maffei, Rebecca Houze (eds_) -- New York/B0616-Eidelberg-Colonna-reference-report.md",,,,192,未进入中央索引；需先确认源文映射
"00-books-result/The design history reader -- Grace Lees-Maffei, Rebecca Houze (eds_) -- New York/B0617-Art-Craft-Machine-OCR-report.md",,,,206,未进入中央索引；需先确认源文映射
"00-books-result/The design history reader -- Grace Lees-Maffei, Rebecca Houze (eds_) -- New York/B0618-Guide-Machine-Modernism-report.md",,,,193,未进入中央索引；需先确认源文映射
"00-books-result/The design history reader -- Grace Lees-Maffei, Rebecca Houze (eds_) -- New York/B0620-Notes-Modernism-01-report.md",,,,172,未进入中央索引；需先确认源文映射
"00-books-result/The design history reader -- Grace Lees-Maffei, Rebecca Houze (eds_) -- New York/B0621-Ornament-Crime-OCR-report.md",,,,184,未进入中央索引；需先确认源文映射
"00-books-result/The design history reader -- Grace Lees-Maffei, Rebecca Houze (eds_) -- New York/B0622-Notes-Ornament-report.md",,,,156,未进入中央索引；需先确认源文映射
"00-books-result/The design history reader -- Grace Lees-Maffei, Rebecca Houze (eds_) -- New York/B0623-Coloristes-Le-Corbusier-report.md",,,,202,未进入中央索引；需先确认源文映射
"00-books-result/The design history reader -- Grace Lees-Maffei, Rebecca Houze (eds_) -- New York/B0624-Notes-Coloristes-report.md",,,,147,未进入中央索引；需先确认源文映射
"00-books-result/The design history reader -- Grace Lees-Maffei, Rebecca Houze (eds_) -- New York/B0625-Workshop-Laboratory-OCR-report.md",,,,186,未进入中央索引；需先确认源文映射
"00-books-result/The design history reader -- Grace Lees-Maffei, Rebecca Houze (eds_) -- New York/B0626-Notes-Bauhaus-report.md",,,,146,未进入中央索引；需先确认源文映射
"00-books-result/The design history reader -- Grace Lees-Maffei, Rebecca Houze (eds_) -- New York/B0627-Search-American-Design-report.md",,,,192,未进入中央索引；需先确认源文映射
"00-books-result/The design history reader -- Grace Lees-Maffei, Rebecca Houze (eds_) -- New York/B0628-Notes-Guide-American-Design-report.md",,,,157,未进入中央索引；需先确认源文映射
"00-books-result/The design history reader -- Grace Lees-Maffei, Rebecca Houze (eds_) -- New York/B0629-Section-4-Postwar-report.md",,,,171,未进入中央索引；需先确认源文映射
"00-books-result/The design history reader -- Grace Lees-Maffei, Rebecca Houze (eds_) -- New York/B0630-Postwar-Introduction-OCR-report.md",,,,2910,未进入中央索引；需先确认源文映射
"00-books-result/The design history reader -- Grace Lees-Maffei, Rebecca Houze (eds_) -- New York/B0631-Utility-Furniture-OCR-report.md",,,,184,未进入中央索引；需先确认源文映射
"00-books-result/The design history reader -- Grace Lees-Maffei, Rebecca Houze (eds_) -- New York/B0632-Notes-Utility-Furniture-report.md",,,,151,未进入中央索引；需先确认源文映射
"00-books-result/The design history reader -- Grace Lees-Maffei, Rebecca Houze (eds_) -- New York/B0633-Modern-World-Itself-report.md",,,,188,未进入中央索引；需先确认源文映射
"00-books-result/The design history reader -- Grace Lees-Maffei, Rebecca Houze (eds_) -- New York/B0634-Notes-Modern-World-report.md",,,,150,未进入中央索引；需先确认源文映射
"00-books-result/The design history reader -- Grace Lees-Maffei, Rebecca Houze (eds_) -- New York/B0635-Populuxe-OCR-report.md",,,,174,未进入中央索引；需先确认源文映射
"00-books-result/The design history reader -- Grace Lees-Maffei, Rebecca Houze (eds_) -- New York/B0636-Notes-Populuxe-report.md",,,,141,未进入中央索引；需先确认源文映射
"00-books-result/The design history reader -- Grace Lees-Maffei, Rebecca Houze (eds_) -- New York/B0637-All-That-Glitters-OCR-report.md",,,,197,未进入中央索引；需先确认源文映射
"00-books-result/The design history reader -- Grace Lees-Maffei, Rebecca Houze (eds_) -- New York/B0638-Guide-Postwar-Design-report.md",,,,175,未进入中央索引；需先确认源文映射
"00-books-result/The design history reader -- Grace Lees-Maffei, Rebecca Houze (eds_) -- New York/B0639-Section-5-Postmodernism-report.md",,,,182,未进入中央索引；需先确认源文映射
"00-books-result/The design history reader -- Grace Lees-Maffei, Rebecca Houze (eds_) -- New York/B0640-Postmodern-Introduction-OCR-report.md",,,,2910,未进入中央索引；需先确认源文映射
"00-books-result/The design history reader -- Grace Lees-Maffei, Rebecca Houze (eds_) -- New York/B0641-commercial-landscape-report.md",,,,179,未进入中央索引；需先确认源文映射
"00-books-result/The design history reader -- Grace Lees-Maffei, Rebecca Houze (eds_) -- New York/B0642-Notes-Commercial-Landscape-report.md",,,,144,未进入中央索引；需先确认源文映射
"00-books-result/The design history reader -- Grace Lees-Maffei, Rebecca Houze (eds_) -- New York/B0643-Ecstasy-Communication-OCR-report.md",,,,194,未进入中央索引；需先确认源文映射
"00-books-result/The design history reader -- Grace Lees-Maffei, Rebecca Houze (eds_) -- New York/B0644-Notes-Communication-report.md",,,,146,未进入中央索引；需先确认源文映射
"00-books-result/The design history reader -- Grace Lees-Maffei, Rebecca Houze (eds_) -- New York/B0645-No-Kitsch-OCR-report.md",,,,197,未进入中央索引；需先确认源文映射
"00-books-result/The design history reader -- Grace Lees-Maffei, Rebecca Houze (eds_) -- New York/B0646-Notes-Kitsch-report.md",,,,129,未进入中央索引；需先确认源文映射
"00-books-result/The design history reader -- Grace Lees-Maffei, Rebecca Houze (eds_) -- New York/B0647-Deconstruction-OCR-report.md",,,,191,未进入中央索引；需先确认源文映射
"00-books-result/The design history reader -- Grace Lees-Maffei, Rebecca Houze (eds_) -- New York/B0648-Notes-Deconstruction-report.md",,,,135,未进入中央索引；需先确认源文映射
"00-books-result/The design history reader -- Grace Lees-Maffei, Rebecca Houze (eds_) -- New York/B0649-Philippe-Starck-OCR-report.md",,,,195,未进入中央索引；需先确认源文映射
"00-books-result/The design history reader -- Grace Lees-Maffei, Rebecca Houze (eds_) -- New York/B0650-Notes-Starck-report.md",,,,139,未进入中央索引；需先确认源文映射
"00-books-result/The design history reader -- Grace Lees-Maffei, Rebecca Houze (eds_) -- New York/B0651-Fabricating-Identities-OCR-report.md",,,,183,未进入中央索引；需先确认源文映射
"00-books-result/The design history reader -- Grace Lees-Maffei, Rebecca Houze (eds_) -- New York/B0653-Changing-Times-Styles-report.md",,,,177,未进入中央索引；需先确认源文映射
"00-books-result/The design history reader -- Grace Lees-Maffei, Rebecca Houze (eds_) -- New York/B0654-Notes-Guide-Identity-report.md",,,,161,未进入中央索引；需先确认源文映射
"00-books-result/The design history reader -- Grace Lees-Maffei, Rebecca Houze (eds_) -- New York/B0655-Section-6-Environment-report.md",,,,171,未进入中央索引；需先确认源文映射
"00-books-result/The design history reader -- Grace Lees-Maffei, Rebecca Houze (eds_) -- New York/B0656-Environment-Introduction-OCR-report.md",,,,2914,未进入中央索引；需先确认源文映射
"00-books-result/The design history reader -- Grace Lees-Maffei, Rebecca Houze (eds_) -- New York/B0657-Spaceship-Earth-OCR-report.md",,,,195,未进入中央索引；需先确认源文映射
"00-books-result/The design history reader -- Grace Lees-Maffei, Rebecca Houze (eds_) -- New York/B0658-Notes-Spaceship-Earth-report.md",,,,145,未进入中央索引；需先确认源文映射
"00-books-result/The design history reader -- Grace Lees-Maffei, Rebecca Houze (eds_) -- New York/B0659-DIY-Social-Costs-report.md",,,,176,未进入中央索引；需先确认源文映射
"00-books-result/The design history reader -- Grace Lees-Maffei, Rebecca Houze (eds_) -- New York/B0660-Notes-Material-Risk-report.md",,,,139,未进入中央索引；需先确认源文映射
"00-books-result/The design history reader -- Grace Lees-Maffei, Rebecca Houze (eds_) -- New York/B0661-Green-Consumer-Introduction-OCR-report.md",,,,159,未进入中央索引；需先确认源文映射
"00-books-result/The design history reader -- Grace Lees-Maffei, Rebecca Houze (eds_) -- New York/B0662-Green-Consumer-Guide-OCR-report.md",,,,176,未进入中央索引；需先确认源文映射
"00-books-result/The design history reader -- Grace Lees-Maffei, Rebecca Houze (eds_) -- New York/B0663-Notes-Green-Consumer-report.md",,,,142,未进入中央索引；需先确认源文映射
"00-books-result/The design history reader -- Grace Lees-Maffei, Rebecca Houze (eds_) -- New York/B0664-Hannover-Principles-OCR-report.md",,,,184,未进入中央索引；需先确认源文映射
"00-books-result/The design history reader -- Grace Lees-Maffei, Rebecca Houze (eds_) -- New York/B0665-Notes-Guide-Sustainability-report.md",,,,169,未进入中央索引；需先确认源文映射
"00-books-result/The design history reader -- Grace Lees-Maffei, Rebecca Houze (eds_) -- New York/B0666-Part-II-Methods-Themes-report.md",,,,185,未进入中央索引；需先确认源文映射
"00-books-result/The design history reader -- Grace Lees-Maffei, Rebecca Houze (eds_) -- New York/B0667-Methods-Introduction-report.md",,,,2900,未进入中央索引；需先确认源文映射
"00-books-result/The design history reader -- Grace Lees-Maffei, Rebecca Houze (eds_) -- New York/B0668-Section-7-Design-History-report.md",,,,170,未进入中央索引；需先确认源文映射
"00-books-result/The design history reader -- Grace Lees-Maffei, Rebecca Houze (eds_) -- New York/B0669-Design-History-Introduction-OCR-report.md",,,,159,未进入中央索引；需先确认源文映射
"00-books-result/The design history reader -- Grace Lees-Maffei, Rebecca Houze (eds_) -- New York/B0670-Taking-Stock-OCR-report.md",,,,182,未进入中央索引；需先确认源文映射
"00-books-result/The design history reader -- Grace Lees-Maffei, Rebecca Houze (eds_) -- New York/B0671-Notes-Taking-Stock-report.md",,,,137,未进入中央索引；需先确认源文映射
"00-books-result/The design history reader -- Grace Lees-Maffei, Rebecca Houze (eds_) -- New York/B0672-State-Design-History-OCR-report.md",,,,185,未进入中央索引；需先确认源文映射
"00-books-result/The design history reader -- Grace Lees-Maffei, Rebecca Houze (eds_) -- New York/B0673-Notes-State-Design-History-report.md",,,,148,未进入中央索引；需先确认源文映射
"00-books-result/The design history reader -- Grace Lees-Maffei, Rebecca Houze (eds_) -- New York/B0674-Design-History-History-01-OCR-report.md",,,,194,未进入中央索引；需先确认源文映射
"00-books-result/The design history reader -- Grace Lees-Maffei, Rebecca Houze (eds_) -- New York/B0675-Notes-Design-History-01-report.md",,,,145,未进入中央索引；需先确认源文映射
"00-books-result/The design history reader -- Grace Lees-Maffei, Rebecca Houze (eds_) -- New York/B0676-Design-History-History-02-OCR-report.md",,,,197,未进入中央索引；需先确认源文映射
"00-books-result/The design history reader -- Grace Lees-Maffei, Rebecca Houze (eds_) -- New York/B0677-Notes-Design-History-02-report.md",,,,145,未进入中央索引；需先确认源文映射
"00-books-result/The design history reader -- Grace Lees-Maffei, Rebecca Houze (eds_) -- New York/B0678-Design-History-Design-Studies-OCR-report.md",,,,196,未进入中央索引；需先确认源文映射
"00-books-result/The design history reader -- Grace Lees-Maffei, Rebecca Houze (eds_) -- New York/B0679-Notes-Design-Studies-report.md",,,,146,未进入中央索引；需先确认源文映射
"00-books-result/The design history reader -- Grace Lees-Maffei, Rebecca Houze (eds_) -- New York/B0680-Resisting-Colonization-OCR-report.md",,,,180,未进入中央索引；需先确认源文映射
"00-books-result/The design history reader -- Grace Lees-Maffei, Rebecca Houze (eds_) -- New York/B0681-Notes-Guide-Design-History-report.md",,,,156,未进入中央索引；需先确认源文映射
"00-books-result/The design history reader -- Grace Lees-Maffei, Rebecca Houze (eds_) -- New York/B0682-Section-8-Objects-report.md",,,,182,未进入中央索引；需先确认源文映射
"00-books-result/The design history reader -- Grace Lees-Maffei, Rebecca Houze (eds_) -- New York/B0683-Objects-Introduction-OCR-report.md",,,,2924,未进入中央索引；需先确认源文映射
"00-books-result/The design history reader -- Grace Lees-Maffei, Rebecca Houze (eds_) -- New York/B0684-Object-as-Image-OCR-report.md",,,,175,未进入中央索引；需先确认源文映射
"00-books-result/The design history reader -- Grace Lees-Maffei, Rebecca Houze (eds_) -- New York/B0685-Notes-Object-Image-report.md",,,,141,未进入中央索引；需先确认源文映射
"00-books-result/The design history reader -- Grace Lees-Maffei, Rebecca Houze (eds_) -- New York/B0686-Cherished-Objects-OCR-report.md",,,,193,未进入中央索引；需先确认源文映射
"00-books-result/The design history reader -- Grace Lees-Maffei, Rebecca Houze (eds_) -- New York/B0687-Notes-Cherished-Objects-report.md",,,,142,未进入中央索引；需先确认源文映射
"00-books-result/The design history reader -- Grace Lees-Maffei, Rebecca Houze (eds_) -- New York/B0688-History-Craft-OCR-report.md",,,,183,未进入中央索引；需先确认源文映射
"00-books-result/The design history reader -- Grace Lees-Maffei, Rebecca Houze (eds_) -- New York/B0689-Notes-Craft-History-report.md",,,,133,未进入中央索引；需先确认源文映射
"00-books-result/The design history reader -- Grace Lees-Maffei, Rebecca Houze (eds_) -- New York/B0690-Shaker-Furniture-OCR-report.md",,,,205,未进入中央索引；需先确认源文映射
"00-books-result/The design history reader -- Grace Lees-Maffei, Rebecca Houze (eds_) -- New York/B0691-Notes-Guide-Objects-report.md",,,,150,未进入中央索引；需先确认源文映射
"00-books-result/The design history reader -- Grace Lees-Maffei, Rebecca Houze (eds_) -- New York/B0692-Section-9-Gender-Design-report.md",,,,176,未进入中央索引；需先确认源文映射
"00-books-result/The design history reader -- Grace Lees-Maffei, Rebecca Houze (eds_) -- New York/B0693-Gender-Introduction-OCR-report.md",,,,2916,未进入中央索引；需先确认源文映射
"00-books-result/The design history reader -- Grace Lees-Maffei, Rebecca Houze (eds_) -- New York/B0694-Feminist-Critiques-OCR-report.md",,,,187,未进入中央索引；需先确认源文映射
"00-books-result/The design history reader -- Grace Lees-Maffei, Rebecca Houze (eds_) -- New York/B0695-Notes-Feminist-Critiques-report.md",,,,140,未进入中央索引；需先确认源文映射
"00-books-result/The design history reader -- Grace Lees-Maffei, Rebecca Houze (eds_) -- New York/B0696-Architects-Wife-OCR-report.md",,,,176,未进入中央索引；需先确认源文映射
"00-books-result/The design history reader -- Grace Lees-Maffei, Rebecca Houze (eds_) -- New York/B0697-Penny-Sparke-1995-report.md",,,,174,未进入中央索引；需先确认源文映射
"00-books-result/The design history reader -- Grace Lees-Maffei, Rebecca Houze (eds_) -- New York/B0698-Notes-Penny-Sparke-report.md",,,,141,未进入中央索引；需先确认源文映射
"00-books-result/The designed world _ images, objects, environments -- Buchanan, Richard (editor)/B0715-Branzis-Dilemma-report.md",,,,232,未进入中央索引；需先确认源文映射
"00-books-result/The designed world _ images, objects, environments -- Buchanan, Richard (editor)/B0716-Designing-the-Artificial-report.md",,,,3086,未进入中央索引；需先确认源文映射
"00-books-result/The designed world _ images, objects, environments -- Buchanan, Richard (editor)/B0718-Information-Reality-report.md",,,,206,未进入中央索引；需先确认源文映射
"00-books-result/The designed world _ images, objects, environments -- Buchanan, Richard (editor)/B0719-Veblen-Chicago-report.md",,,,209,未进入中央索引；需先确认源文映射
"00-books-result/The designed world _ images, objects, environments -- Buchanan, Richard (editor)/B0720-Adolf-Loos-Aphoristic-Style-report.md",,,,192,未进入中央索引；需先确认源文映射
"00-books-result/The designed world _ images, objects, environments -- Buchanan, Richard (editor)/B0722-Domestication-Everyday-Technology-report.md",,,,203,未进入中央索引；需先确认源文映射
"00-books-result/The designed world _ images, objects, environments -- Buchanan, Richard (editor)/B0723-Environmental-Industrial-Design-report.md",,,,206,未进入中央索引；需先确认源文映射
"00-books-result/The designed world _ images, objects, environments -- Buchanan, Richard (editor)/B0725-Simulated-Seas-report.md",,,,172,未进入中央索引；需先确认源文映射
"00-books-result/The designed world _ images, objects, environments -- Buchanan, Richard (editor)/B0728-Typography-Screen-report.md",,,,173,未进入中央索引；需先确认源文映射
"00-books-result/The designed world _ images, objects, environments -- Buchanan, Richard (editor)/B0731-History-from-Things-report.md",,,,180,未进入中央索引；需先确认源文映射
"00-books-result/The designed world _ images, objects, environments -- Buchanan, Richard (editor)/B0732-Olympus-Marketplace-report.md",,,,192,未进入中央索引；需先确认源文映射
"00-books-result/The designed world _ images, objects, environments -- Buchanan, Richard (editor)/B0734-Softening-Facts-report.md",,,,189,未进入中央索引；需先确认源文映射
"00-books-result/The designed world _ images, objects, environments -- Buchanan, Richard (editor)/B0737-Part-II-Introduction-report.md",,,,3013,未进入中央索引；需先确认源文映射
"00-books-result/The designed world _ images, objects, environments -- Buchanan, Richard (editor)/B0738-Design-Environment-Social-Quality-report.md",,,,201,未进入中央索引；需先确认源文映射
"00-books-result/The designed world _ images, objects, environments -- Buchanan, Richard (editor)/B0739-Ulm-Science-Semiotics-Society-report.md",,,,199,未进入中央索引；需先确认源文映射
"00-books-result/The designed world _ images, objects, environments -- Buchanan, Richard (editor)/B0743-General-Bibliography-report.md",,,,2951,未进入中央索引；需先确认源文映射
"00-books-result/The green imperative _ natural design for the real world -- Papanek, Victor J --/B0744-Green-Imperative-cover-fragment-report.md",,,,197,未进入中央索引；需先确认源文映射
"00-books-result/The green imperative _ natural design for the real world -- Papanek, Victor J --/B0745-Green-Imperative-title-report.md",,,,187,未进入中央索引；需先确认源文映射
"00-books-result/The green imperative _ natural design for the real world -- Papanek, Victor J --/B0751-Spiritual-in-Design-report.md",,,,2978,未进入中央索引；需先确认源文映射
"00-books-result/The green imperative _ natural design for the real world -- Papanek, Victor J --/B0755-Convenience-Enemy-report.md",,,,177,未进入中央索引；需先确认源文映射
"00-books-result/The green imperative _ natural design for the real world -- Papanek, Victor J --/B0757-Generations-to-Come-report.md",,,,2996,未进入中央索引；需先确认源文映射
"00-books-result/The green imperative _ natural design for the real world -- Papanek, Victor J --/B0760-Green-Imperative-full-report.md",,,,202,未进入中央索引；需先确认源文映射
"00-books-result/The printed image and the transformation of popular culture, 1790-1860 (Anderson/B0766-Printed-Image-Transition-report.md",,,,183,未进入中央索引；需先确认源文映射
"00-books-result/The printed image and the transformation of popular culture, 1790-1860 (Anderson/B0769-Mechanics-Magazine-report.md",,,,176,未进入中央索引；需先确认源文映射
"00-books-result/The printed image and the transformation of popular culture, 1790-1860 (Anderson/B0776-Business-of-Imagery-report.md",,,,180,未进入中央索引；需先确认源文映射
"00-books-result/The printed image and the transformation of popular culture, 1790-1860 (Anderson/B0781-Smiles-and-Tears-report.md",,,,165,未进入中央索引；需先确认源文映射
"00-books-result/The printed image and the transformation of popular culture, 1790-1860 (Anderson/B0782-Painting-Reproduction-report.md",,,,192,未进入中央索引；需先确认源文映射
"00-books-result/The printed image and the transformation of popular culture, 1790-1860 (Anderson/B0783-Grandfathers-Watch-report.md",,,,178,未进入中央索引；需先确认源文映射
"00-books-result/The printed image and the transformation of popular culture, 1790-1860 (Anderson/B0786-Civilizing-Image-report.md",,,,178,未进入中央索引；需先确认源文映射
"00-books-result/The printed image and the transformation of popular culture, 1790-1860 (Anderson/B0788-Printed-Image-and-Mass-report.md",,,,187,未进入中央索引；需先确认源文映射
"00-books-result/The printed image and the transformation of popular culture, 1790-1860 (Anderson/B0793-Illustrated-Advertisements-report.md",,,,190,未进入中央索引；需先确认源文映射
"00-books-result/The printed image and the transformation of popular culture, 1790-1860 (Anderson/B0795-Conclusion-Mass-Culture-report.md",,,,202,未进入中央索引；需先确认源文映射
"00-books-result/The printed image and the transformation of popular culture, 1790-1860 (Anderson/B0797-Library-Services-report.md",,,,163,未进入中央索引；需先确认源文映射
"00-books-result/The printed image and the transformation of popular culture, 1790-1860 (Anderson/B0798-Printed-Image-full-report.md",,,,182,未进入中央索引；需先确认源文映射
"00-books-result/The printed image and the transformation of popular culture, 1790-1860 (Anderson/B0799-OCR-Preface-report.md",,,,145,未进入中央索引；需先确认源文映射
"00-books-result/The printed image and the transformation of popular culture, 1790-1860 (Anderson/B0800-OCR-Contents-report.md",,,,144,未进入中央索引；需先确认源文映射
"00-books-result/The printed image and the transformation of popular culture, 1790-1860 (Anderson/B0801-OCR-Illustrations-Acknowledgements-report.md",,,,166,未进入中央索引；需先确认源文映射
"00-books-result/The printed image and the transformation of popular culture, 1790-1860 (Anderson/B0802-OCR-Pilgrims-Progress-report.md",,,,169,未进入中央索引；需先确认源文映射
"00-books-result/The printed image and the transformation of popular culture, 1790-1860 (Anderson/B0803-OCR-Select-Bibliography-report.md",,,,3178,未进入中央索引；需先确认源文映射
"00-books-result/The printed image and the transformation of popular culture, 1790-1860 (Anderson/B0804-Primary-Sources-report.md",,,,160,未进入中央索引；需先确认源文映射
"00-books-result/The printed image and the transformation of popular culture, 1790-1860 (Anderson/B0805-Secondary-Sources-Index-report.md",,,,176,未进入中央索引；需先确认源文映射
"00-books-result/Windows and Mirrors_ Interaction Design, Digital Art, and -- JAY DAVID BOLTER AN/B0809-Introduction-report.md",,,,174,未进入中央索引；需先确认源文映射
"00-books-result/Windows and Mirrors_ Interaction Design, Digital Art, and -- JAY DAVID BOLTER AN/B0812-Design-Artifact-Experience-report.md",,,,209,未进入中央索引；需先确认源文映射
"00-books-result/Windows and Mirrors_ Interaction Design, Digital Art, and -- JAY DAVID BOLTER AN/B0813-Digital-Design-Visible-report.md",,,,205,未进入中央索引；需先确认源文映射
"00-books-result/Windows and Mirrors_ Interaction Design, Digital Art, and -- JAY DAVID BOLTER AN/B0820-Multiplicity-report.md",,,,184,未进入中央索引；需先确认源文映射
"00-books-result/Windows and Mirrors_ Interaction Design, Digital Art, and -- JAY DAVID BOLTER AN/B0823-Magic-Book-report.md",,,,165,未进入中央索引；需先确认源文映射
"00-books-result/Windows and Mirrors_ Interaction Design, Digital Art, and -- JAY DAVID BOLTER AN/B0828-Diversity-Web-report.md",,,,192,未进入中央索引；需先确认源文映射
"00-books-result/Windows and Mirrors_ Interaction Design, Digital Art, and -- JAY DAVID BOLTER AN/B0831-T-Garden-report.md",,,,198,未进入中央索引；需先确认源文映射
"00-books-result/Windows and Mirrors_ Interaction Design, Digital Art, and -- JAY DAVID BOLTER AN/B0833-Terminal-Time-report.md",,,,2870,未进入中央索引；需先确认源文映射
"00-books-result/Windows and Mirrors_ Interaction Design, Digital Art, and -- JAY DAVID BOLTER AN/B0834-Digital-Art-Contexts-report.md",,,,188,未进入中央索引；需先确认源文映射
"00-books-result/Windows and Mirrors_ Interaction Design, Digital Art, and -- JAY DAVID BOLTER AN/B0837-Convergence-Diversity-report.md",,,,171,未进入中央索引；需先确认源文映射
"00-books-result/Windows and Mirrors_ Interaction Design, Digital Art, and -- JAY DAVID BOLTER AN/B0839-Materiality-Writing-report.md",,,,195,未进入中央索引；需先确认源文映射
"00-books-result/Windows and Mirrors_ Interaction Design, Digital Art, and -- JAY DAVID BOLTER AN/B0841-Windows-and-Mirrors-full-report.md",,,,178,未进入中央索引；需先确认源文映射
"00-books-result/Windows and Mirrors_ Interaction Design, Digital Art, and -- JAY DAVID BOLTER AN/B0842-OCR-Preface-report.md",,,,141,未进入中央索引；需先确认源文映射
"00-books-result/Windows and Mirrors_ Interaction Design, Digital Art, and -- JAY DAVID BOLTER AN/B0843-OCR-Contents-report.md",,,,2872,未进入中央索引；需先确认源文映射
"00-books-result/Windows and Mirrors_ Interaction Design, Digital Art, and -- JAY DAVID BOLTER AN/B0844-OCR-Acknowledgments-Introduction-report.md",,,,3100,未进入中央索引；需先确认源文映射
"00-books-result/Windows and Mirrors_ Interaction Design, Digital Art, and -- JAY DAVID BOLTER AN/B0845-OCR-Digital-Artifact-report.md",,,,184,未进入中央索引；需先确认源文映射
"00-books-result/Windows and Mirrors_ Interaction Design, Digital Art, and -- JAY DAVID BOLTER AN/B0846-OCR-References-Index-report.md",,,,2976,未进入中央索引；需先确认源文映射
00-books-result/World History Of Design - Volume 2_ World War I To World War -- Victor Margolin/B0848-Bloomsbury-Publication-report.md,,,,178,未进入中央索引；需先确认源文映射
00-books-result/World History Of Design - Volume 2_ World War I To World War -- Victor Margolin/B0854-October-Revolution-report.md,,,,3089,未进入中央索引；需先确认源文映射
00-books-result/World History Of Design - Volume 2_ World War I To World War -- Victor Margolin/B0862-Greece-Bibliography-fragment-report.md,,,,3146,未进入中央索引；需先确认源文映射
00-books-result/World History Of Design - Volume 2_ World War I To World War -- Victor Margolin/B0874-Neglected-Industrial-Design-report.md,,,,194,未进入中央索引；需先确认源文映射
00-books-result/World History Of Design - Volume 2_ World War I To World War -- Victor Margolin/B0876-Poland-Image-fragment-report.md,,,,168,未进入中央索引；需先确认源文映射
00-books-result/World History Of Design - Volume 2_ World War I To World War -- Victor Margolin/B0880-Arbeitnehmer-USSR-image-report.md,,,,183,未进入中央索引；需先确认源文映射
00-books-result/World History Of Design - Volume 2_ World War I To World War -- Victor Margolin/B0884-Meinl-Kaffee-report.md,,,,2921,未进入中央索引；需先确认源文映射
00-books-result/World History Of Design - Volume 2_ World War I To World War -- Victor Margolin/B0885-Art-Industry-Austro-Hungarian-report.md,,,,192,未进入中央索引；需先确认源文映射
00-books-result/World History Of Design - Volume 2_ World War I To World War -- Victor Margolin/B0895-Bibliography-East-Central-Europe-report.md,,,,179,未进入中央索引；需先确认源文映射
00-books-result/World History Of Design - Volume 2_ World War I To World War -- Victor Margolin/B0896-Books-East-Central-Europe-report.md,,,,158,未进入中央索引；需先确认源文映射
00-books-result/World History Of Design - Volume 2_ World War I To World War -- Victor Margolin/B0900-Scandinavia-1917-1945-report.md,,,,3201,未进入中央索引；需先确认源文映射
00-books-result/World History Of Design - Volume 2_ World War I To World War -- Victor Margolin/B0913-Chapter-27-Introduction-report.md,,,,3171,未进入中央索引；需先确认源文映射
00-books-result/World History Of Design - Volume 2_ World War I To World War -- Victor Margolin/B0924-Alphabet-Index-fragment-report.md,,,,174,未进入中央索引；需先确认源文映射
00-books-result/World History Of Design - Volume 2_ World War I To World War -- Victor Margolin/B0947-Housewares-Textiles-report.md,,,,193,未进入中央索引；需先确认源文映射
00-books-result/World History Of Design - Volume 2_ World War I To World War -- Victor Margolin/B0952-Buckminster-Fuller-report.md,,,,3001,未进入中央索引；需先确认源文映射
00-books-result/World History Of Design - Volume 2_ World War I To World War -- Victor Margolin/B0959-US-Books-fragment-report.md,,,,138,未进入中央索引；需先确认源文映射
00-books-result/World History Of Design - Volume 2_ World War I To World War -- Victor Margolin/B0961-Worlds-Fairs-report.md,,,,3112,未进入中央索引；需先确认源文映射
00-books-result/World History Of Design - Volume 2_ World War I To World War -- Victor Margolin/B0965-US-Typography-report.md,,,,171,未进入中央索引；需先确认源文映射
00-books-result/World History Of Design - Volume 2_ World War I To World War -- Victor Margolin/B0966-Oil-Advertising-fragment-report.md,,,,3093,未进入中央索引；需先确认源文映射
00-books-result/World History Of Design - Volume 2_ World War I To World War -- Victor Margolin/B0974-Political-Armband-Badge-report.md,,,,165,未进入中央索引；需先确认源文映射
00-books-result/World History Of Design - Volume 2_ World War I To World War -- Victor Margolin/B0977-Latin-America-Cuba-Mexico-Brazil-report.md,,,,187,未进入中央索引；需先确认源文映射
00-books-result/World History Of Design - Volume 2_ World War I To World War -- Victor Margolin/B0986-El-Mundo-Ilustrado-report.md,,,,163,未进入中央索引；需先确认源文映射
00-books-result/World History Of Design - Volume 2_ World War I To World War -- Victor Margolin/B0993-Exposicion-Visual-fragment-report.md,,,,171,未进入中央索引；需先确认源文映射
00-books-result/World History Of Design - Volume 2_ World War I To World War -- Victor Margolin/B0995-Suplemento-Visual-fragment-report.md,,,,171,未进入中央索引；需先确认源文映射
00-books-result/World History Of Design - Volume 2_ World War I To World War -- Victor Margolin/B1002-Brazil-Book-Publishing-Design-report.md,,,,2946,未进入中央索引；需先确认源文映射
00-books-result/World History Of Design - Volume 2_ World War I To World War -- Victor Margolin/B1005-Latin-America-Bibliography-report.md,,,,3154,未进入中央索引；需先确认源文映射
00-books-result/World History Of Design - Volume 2_ World War I To World War -- Victor Margolin/B1006-Latin-America-Books-report.md,,,,156,未进入中央索引；需先确认源文映射
00-books-result/World History Of Design - Volume 2_ World War I To World War -- Victor Margolin/B1010-Latin-America-Chapters-report.md,,,,169,未进入中央索引；需先确认源文映射
00-books-result/World History Of Design - Volume 2_ World War I To World War -- Victor Margolin/B1011-Rationalization-Renewed-Productivity-report.md,,,,189,未进入中央索引；需先确认源文映射
00-books-result/World History Of Design - Volume 2_ World War I To World War -- Victor Margolin/B1013-Private-Enterprise-Emergence-report.md,,,,180,未进入中央索引；需先确认源文映射
00-books-result/World History Of Design - Volume 2_ World War I To World War -- Victor Margolin/B1024-Argentina-Book-Design-report.md,,,,3018,未进入中央索引；需先确认源文映射
00-books-result/World History Of Design - Volume 2_ World War I To World War -- Victor Margolin/B1033-Bauhaus-Gropius-Years-report.md,,,,227,未进入中央索引；需先确认源文映射
00-books-result/World History Of Design - Volume 2_ World War I To World War -- Victor Margolin/B1037-Latin-America-Books-report.md,,,,139,未进入中央索引；需先确认源文映射
00-books-result/World History Of Design - Volume 2_ World War I To World War -- Victor Margolin/B1039-Commonwealth-Countries-report.md,,,,3072,未进入中央索引；需先确认源文映射
00-books-result/World History Of Design - Volume 2_ World War I To World War -- Victor Margolin/B1040-Canada-Furniture-Domestic-Goods-report.md,,,,181,未进入中央索引；需先确认源文映射
00-books-result/World History Of Design - Volume 2_ World War I To World War -- Victor Margolin/B1044-Alphabet-Fragment-report.md,,,,169,未进入中央索引；需先确认源文映射
00-books-result/World History Of Design - Volume 2_ World War I To World War -- Victor Margolin/B1071-New-Zealand-Bibliography-report.md,,,,3150,未进入中央索引；需先确认源文映射
00-books-result/World History Of Design - Volume 2_ World War I To World War -- Victor Margolin/B1075-Six-Arrows-1930s-report.md,,,,184,未进入中央索引；需先确认源文映射
00-books-result/World History Of Design - Volume 2_ World War I To World War -- Victor Margolin/B1089-Palestine-British-Mandate-report.md,,,,183,未进入中央索引；需先确认源文映射
00-books-result/World History Of Design - Volume 2_ World War I To World War -- Victor Margolin/B1094-Hebrew-fragment-report.md,,,,177,未进入中央索引；需先确认源文映射
00-books-result/World History Of Design - Volume 2_ World War I To World War -- Victor Margolin/B1094-Hebrew-visual-fragment-report.md,,,,178,未进入中央索引；需先确认源文映射
00-books-result/World History Of Design - Volume 2_ World War I To World War -- Victor Margolin/B1096-Syria-Lebanon-Ottomans-French-report.md,,,,210,未进入中央索引；需先确认源文映射
00-books-result/World History Of Design - Volume 2_ World War I To World War -- Victor Margolin/B1099-Printing-Publishing-Advertising-report.md,,,,186,未进入中央索引；需先确认源文映射
00-books-result/World History Of Design - Volume 2_ World War I To World War -- Victor Margolin/B1104-Qajar-printing-publications-report.md,,,,3402,未进入中央索引；需先确认源文映射
00-books-result/World History Of Design - Volume 2_ World War I To World War -- Victor Margolin/B1105-Reza-Shah-regime-report.md,,,,182,未进入中央索引；需先确认源文映射
00-books-result/World History Of Design - Volume 2_ World War I To World War -- Victor Margolin/B1109-Syria-Lebanon-bibliography-report.md,,,,3163,未进入中央索引；需先确认源文映射
00-books-result/World History Of Design - Volume 2_ World War I To World War -- Victor Margolin/B1111-Middle-East-articles-report.md,,,,166,未进入中央索引；需先确认源文映射
00-books-result/World History Of Design - Volume 2_ World War I To World War -- Victor Margolin/B1112-Colonies-Africa-1900-1945-report.md,,,,3044,未进入中央索引；需先确认源文映射
00-books-result/World History Of Design - Volume 2_ World War I To World War -- Victor Margolin/B1113-East-West-Africa-craft-manufacturing-report.md,,,,211,未进入中央索引；需先确认源文映射
00-books-result/World History Of Design - Volume 2_ World War I To World War -- Victor Margolin/B1113-East-West-Africa-report.md,,,,206,未进入中央索引；需先确认源文映射
00-books-result/World History Of Design - Volume 2_ World War I To World War -- Victor Margolin/B1121-African-newspapers-magazines-report.md,,,,178,未进入中央索引；需先确认源文映射
00-books-result/World History Of Design - Volume 2_ World War I To World War -- Victor Margolin/B1122-African-advertising-logotypes-packaging-report.md,,,,203,未进入中央索引；需先确认源文映射
00-books-result/World History Of Design - Volume 2_ World War I To World War -- Victor Margolin/B1123-Africa-tourism-graphics-report.md,,,,3159,未进入中央索引；需先确认源文映射
00-books-result/World History Of Design - Volume 2_ World War I To World War -- Victor Margolin/B1123-African-tourism-graphics-report.md,,,,3163,未进入中央索引；需先确认源文映射
00-books-result/World History Of Design - Volume 2_ World War I To World War -- Victor Margolin/B1125-Africa-bibliography-report.md,,,,3154,未进入中央索引；需先确认源文映射
00-books-result/World History Of Design - Volume 2_ World War I To World War -- Victor Margolin/B1128-Italian-Africa-report.md,,,,3005,未进入中央索引；需先确认源文映射
00-books-result/World History Of Design - Volume 2_ World War I To World War -- Victor Margolin/B1135-Gandhi-khadi-report.md,,,,187,未进入中央索引；需先确认源文映射
00-books-result/World History Of Design - Volume 2_ World War I To World War -- Victor Margolin/B1135-Gandhi-politics-khadi-report.md,,,,200,未进入中央索引；需先确认源文映射
00-books-result/World History Of Design - Volume 2_ World War I To World War -- Victor Margolin/B1136-Industrialization-British-policy-report.md,,,,189,未进入中央索引；需先确认源文映射
00-books-result/World History Of Design - Volume 2_ World War I To World War -- Victor Margolin/B1137-Industrialization-Indian-response-report.md,,,,191,未进入中央索引；需先确认源文映射
00-books-result/World History Of Design - Volume 2_ World War I To World War -- Victor Margolin/B1144-India-Hong-Kong-Burma-books-report.md,,,,175,未进入中央索引；需先确认源文映射
00-books-result/World History Of Design - Volume 2_ World War I To World War -- Victor Margolin/B1145-India-bibliography-report.md,,,,3152,未进入中央索引；需先确认源文映射
00-books-result/World History Of Design - Volume 2_ World War I To World War -- Victor Margolin/B1146-Hong-Kong-bibliography-report.md,,,,3153,未进入中央索引；需先确认源文映射
00-books-result/World History Of Design - Volume 2_ World War I To World War -- Victor Margolin/B1147-India-Hong-Kong-Burma-articles-report.md,,,,180,未进入中央索引；需先确认源文映射
00-books-result/World History Of Design - Volume 2_ World War I To World War -- Victor Margolin/B1148-China-Siam-chapter-report.md,,,,198,未进入中央索引；需先确认源文映射
00-books-result/World History Of Design - Volume 2_ World War I To World War -- Victor Margolin/B1150-China-art-education-1925-exposition-report.md,,,,199,未进入中央索引；需先确认源文映射
00-books-result/World History Of Design - Volume 2_ World War I To World War -- Victor Margolin/B1152-illustrated-press-report.md,,,,3112,未进入中央索引；需先确认源文映射
00-books-result/World History Of Design - Volume 2_ World War I To World War -- Victor Margolin/B1156-Publishing-May-Fourth-report.md,,,,3059,未进入中央索引；需先确认源文映射
00-books-result/World History Of Design - Volume 2_ World War I To World War -- Victor Margolin/B1158-Woodcut-movement-propaganda-report.md,,,,197,未进入中央索引；需先确认源文映射
00-books-result/World History Of Design - Volume 2_ World War I To World War -- Victor Margolin/B1161-China-Siam-bibliography-report.md,,,,3159,未进入中央索引；需先确认源文映射
00-books-result/World History Of Design - Volume 2_ World War I To World War -- Victor Margolin/B1163-China-Siam-books-report.md,,,,157,未进入中央索引；需先确认源文映射
00-books-result/World History Of Design - Volume 2_ World War I To World War -- Victor Margolin/B1164-Siam-Southeast-Asia-report.md,,,,176,未进入中央索引；需先确认源文映射
00-books-result/World History Of Design - Volume 2_ World War I To World War -- Victor Margolin/B1165-Japan-colonies-chapter-report.md,,,,190,未进入中央索引；需先确认源文映射
00-books-result/World History Of Design - Volume 2_ World War I To World War -- Victor Margolin/B1165-Japan-colonies-territories-report.md,,,,212,未进入中央索引；需先确认源文映射
00-books-result/World History Of Design - Volume 2_ World War I To World War -- Victor Margolin/B1168-Rationalization-Movement-report.md,,,,3358,未进入中央索引；需先确认源文映射
00-books-result/World History Of Design - Volume 2_ World War I To World War -- Victor Margolin/B1169-Lifestyle-Improvement-Western-Goods-report.md,,,,428,未进入中央索引；需先确认源文映射
00-books-result/World History Of Design - Volume 2_ World War I To World War -- Victor Margolin/B1169-Lifestyle-Western-Style-Goods-report.md,,,,196,未进入中央索引；需先确认源文映射
00-books-result/World History Of Design - Volume 2_ World War I To World War -- Victor Margolin/B1171-Japan-heavy-industry-transportation-report.md,,,,185,未进入中央索引；需先确认源文映射
00-books-result/World History Of Design - Volume 2_ World War I To World War -- Victor Margolin/B1173-Japan-emergence-graphic-design-report.md,,,,3018,未进入中央索引；需先确认源文映射
00-books-result/World History Of Design - Volume 2_ World War I To World War -- Victor Margolin/B1175-Japan-graphic-design-matures-report.md,,,,3035,未进入中央索引；需先确认源文映射
00-books-result/World History Of Design - Volume 2_ World War I To World War -- Victor Margolin/B1176-Japan-avant-garde-proletarian-graphics-report.md,,,,201,未进入中央索引；需先确认源文映射
00-books-result/World History Of Design - Volume 2_ World War I To World War -- Victor Margolin/B1177-Japan-photography-advertising-report.md,,,,189,未进入中央索引；需先确认源文映射
00-books-result/World History Of Design - Volume 2_ World War I To World War -- Victor Margolin/B1177-Photography-Advertising-Publications-report.md,,,,468,未进入中央索引；需先确认源文映射
00-books-result/World History Of Design - Volume 2_ World War I To World War -- Victor Margolin/B1178-Kao-Hara-Nippon-Kobo-report.md,,,,467,未进入中央索引；需先确认源文映射
00-books-result/World History Of Design - Volume 2_ World War I To World War -- Victor Margolin/B1179-Japanese-Abroad-report.md,,,,3253,未进入中央索引；需先确认源文映射
00-books-result/World History Of Design - Volume 2_ World War I To World War -- Victor Margolin/B1180-Manchuria-report.md,,,,3348,未进入中央索引；需先确认源文映射
00-books-result/World History Of Design - Volume 2_ World War I To World War -- Victor Margolin/B1181-Taiwan-model-colony-report.md,,,,382,未进入中央索引；需先确认源文映射
00-books-result/World History Of Design - Volume 2_ World War I To World War -- Victor Margolin/B1182-Bibliographic-essay-report.md,,,,3348,未进入中央索引；需先确认源文映射
00-books-result/World History Of Design - Volume 2_ World War I To World War -- Victor Margolin/B1182-Korea-colonial-industrialization-report.md,,,,343,未进入中央索引；需先确认源文映射
00-books-result/World History Of Design - Volume 2_ World War I To World War -- Victor Margolin/B1183-Hangul-Publishing-report.md,,,,3279,未进入中央索引；需先确认源文映射
00-books-result/World History Of Design - Volume 2_ World War I To World War -- Victor Margolin/B1183-Japan-colonies-bibliography-report.md,,,,3172,未进入中央索引；需先确认源文映射
00-books-result/World History Of Design - Volume 2_ World War I To World War -- Victor Margolin/B1184-Japan-colonies-bibliography-report.md,,,,3351,未进入中央索引；需先确认源文映射
00-books-result/World History Of Design - Volume 2_ World War I To World War -- Victor Margolin/B1184-Japan-colonies-books-report.md,,,,169,未进入中央索引；需先确认源文映射
00-books-result/World History Of Design - Volume 2_ World War I To World War -- Victor Margolin/B1185-Japan-Taiwan-Korea-books-report.md,,,,389,未进入中央索引；需先确认源文映射
00-books-result/World History Of Design - Volume 2_ World War I To World War -- Victor Margolin/B1186-Japan-articles-conference-papers-report.md,,,,183,未进入中央索引；需先确认源文映射
00-books-result/World History Of Design - Volume 2_ World War I To World War -- Victor Margolin/B1186-Japan-colonies-articles-report.md,,,,179,未进入中央索引；需先确认源文映射
00-books-result/World History Of Design - Volume 2_ World War I To World War -- Victor Margolin/B1187-World-War-II-chapter-report.md,,,,188,未进入中央索引；需先确认源文映射
00-books-result/World History Of Design - Volume 2_ World War I To World War -- Victor Margolin/B1188-World-War-II-Germany-report.md,,,,179,未进入中央索引；需先确认源文映射
00-books-result/World History Of Design - Volume 2_ World War I To World War -- Victor Margolin/B1189-World-War-II-Italy-report.md,,,,175,未进入中央索引；需先确认源文映射
00-books-result/World History Of Design - Volume 2_ World War I To World War -- Victor Margolin/B1190-WWII-Great-Britain-report.md,,,,3290,未进入中央索引；需先确认源文映射
00-books-result/World History Of Design - Volume 2_ World War I To World War -- Victor Margolin/B1191-Operations-research-report.md,,,,3014,未进入中央索引；需先确认源文映射
00-books-result/World History Of Design - Volume 2_ World War I To World War -- Victor Margolin/B1194-Soviet-Design-Bureaus-Japan-Mobilization-report.md,,,,432,未进入中央索引；需先确认源文映射
00-books-result/World History Of Design - Volume 2_ World War I To World War -- Victor Margolin/B1197-United-States-production-planning-report.md,,,,465,未进入中央索引；需先确认源文映射
00-books-result/World History Of Design - Volume 2_ World War I To World War -- Victor Margolin/B1202-OSRD-Systems-Human-Factors-report.md,,,,563,未进入中央索引；需先确认源文映射
00-books-result/World History Of Design - Volume 2_ World War I To World War -- Victor Margolin/B1203-US-Operations-Research-report.md,,,,3156,未进入中央索引；需先确认源文映射
00-books-result/World History Of Design - Volume 2_ World War I To World War -- Victor Margolin/B1206-Propaganda-overview-report.md,,,,3466,未进入中央索引；需先确认源文映射
00-books-result/World History Of Design - Volume 2_ World War I To World War -- Victor Margolin/B1209-French-Vichy-and-antibolshevik-propaganda-report.md,,,,735,未进入中央索引；需先确认源文映射
00-books-result/World History Of Design - Volume 2_ World War I To World War -- Victor Margolin/B1214-China-cartoon-warfare-report.md,,,,587,未进入中央索引；需先确认源文映射
00-books-result/World History Of Design - Volume 2_ World War I To World War -- Victor Margolin/B1215-United-States-OWI-propaganda-report.md,,,,3634,未进入中央索引；需先确认源文映射
00-books-result/World History Of Design - Volume 2_ World War I To World War -- Victor Margolin/B1216-United-States-modernist-networks-report.md,,,,925,未进入中央索引；需先确认源文映射
00-books-result/World History Of Design - Volume 2_ World War I To World War -- Victor Margolin/B1217-Mexico-antifascist-graphics-report.md,,,,762,未进入中央索引；需先确认源文映射
00-books-result/World History Of Design - Volume 2_ World War I To World War -- Victor Margolin/B1218-Mexican-poster-and-free-artists-report.md,,,,819,未进入中央索引；需先确认源文映射
00-books-result/World History Of Design - Volume 2_ World War I To World War -- Victor Margolin/B1219-WWII-bibliographic-essay-report.md,,,,683,未进入中央索引；需先确认源文映射
00-books-result/World History Of Design - Volume 2_ World War I To World War -- Victor Margolin/B1220-General-books-bibliography-report.md,,,,3690,未进入中央索引；需先确认源文映射
00-books-result/World History Of Design - Volume 2_ World War I To World War -- Victor Margolin/B1221-Germany-and-Britain-bibliography-report.md,,,,758,未进入中央索引；需先确认源文映射
00-books-result/World History Of Design - Volume 2_ World War I To World War -- Victor Margolin/B1222-Japan-and-United-States-bibliography-report.md,,,,681,未进入中央索引；需先确认源文映射
00-books-result/World History Of Design - Volume 2_ World War I To World War -- Victor Margolin/B1223-France-Netherlands-Mexico-bibliography-report.md,,,,662,未进入中央索引；需先确认源文映射
00-books-result/World History Of Design - Volume 2_ World War I To World War -- Victor Margolin/B1224-China-chapters-articles-index-report.md,,,,805,未进入中央索引；需先确认源文映射
