deleted_report,source,kept_report,bytes,sha256
00-books-result/Design History and Culture ： Methods and Approaches -- Javier Gimeno-Martínez --/B3479-Object-Life-Cycle-Comparison-Case-Study-Monographs-report.md,00-books/Design History and Culture ： Methods and Approaches -- Javier Gimeno-Martínez --/04-3 The life cycle of objectsTracking design.md,00-books-result/Design History and Culture ： Methods and Approaches -- Javier Gimeno-Martínez --/B44133344-3-The-life-cycle-of-objectsTracking-design-report.md,20925,a549c5e4d632608012686bf572cc4728cdcad7649228c249b4129c4091c52077
00-books-result/Design and the Creation of Value -- John Heskett; Clive Dilnot; Suzan Boztepe --/B44133276-Design-and-the-Creation-of-Value-John-Heskett-Clive-Dilnot-Suzan-report.md,00-books/Design and the Creation of Value -- John Heskett; Clive Dilnot; Suzan Boztepe --/Design and the Creation of Value -- John Heskett; Clive Dilnot; Suzan Boztepe --_18_body_Sabine_Junginger__Design_as_an.md,00-books-result/Design and the Creation of Value -- John Heskett; Clive Dilnot; Suzan Boztepe --/Design and the Creation of Value -- John Heskett; Clive Dilnot; Suzan Boztepe --_18_body_Sabine_Junginger__Design_as_an-report.md,15747,7c5f02ccd3854c5b3692076789abb070ba2e9400577209fef5bd48364c567dc2
00-books-result/Design and the Creation of Value -- John Heskett; Clive Dilnot; Suzan Boztepe --/B44133277-Design-and-the-Creation-of-Value-John-Heskett-Clive-Dilnot-Suzan-report.md,00-books/Design and the Creation of Value -- John Heskett; Clive Dilnot; Suzan Boztepe --/Design and the Creation of Value -- John Heskett; Clive Dilnot; Suzan Boztepe --_19_preface_Preface.md,00-books-result/Design and the Creation of Value -- John Heskett; Clive Dilnot; Suzan Boztepe --/Design and the Creation of Value -- John Heskett; Clive Dilnot; Suzan Boztepe --_19_preface_Preface-report.md,14416,479bdf921aa734cecd9993bd8a2b6dc9c0db428b67cba43ad176a923c400131e
00-books-result/Design and the Creation of Value -- John Heskett; Clive Dilnot; Suzan Boztepe --/B44133278-Design-and-the-Creation-of-Value-John-Heskett-Clive-Dilnot-Suzan-report.md,00-books/Design and the Creation of Value -- John Heskett; Clive Dilnot; Suzan Boztepe --/Design and the Creation of Value -- John Heskett; Clive Dilnot; Suzan Boztepe --_20_body_Chapter_1___Chapter_3___Chapte.md,00-books-result/Design and the Creation of Value -- John Heskett; Clive Dilnot; Suzan Boztepe --/Design and the Creation of Value -- John Heskett; Clive Dilnot; Suzan Boztepe --_20_body_Chapter_1___Chapter_3___Chapte-report.md,17733,ae46f66abac3869233f6a6957acb27372917d81b332b199072d3bd32b61fe6f9
00-books-result/Design and the Creation of Value -- John Heskett; Clive Dilnot; Suzan Boztepe --/B44133279-Design-and-the-Creation-of-Value-John-Heskett-Clive-Dilnot-Suzan-report.md,00-books/Design and the Creation of Value -- John Heskett; Clive Dilnot; Suzan Boztepe --/Design and the Creation of Value -- John Heskett; Clive Dilnot; Suzan Boztepe --_21_appendix_Appendix_1__Socialist_theory__.md,00-books-result/Design and the Creation of Value -- John Heskett; Clive Dilnot; Suzan Boztepe --/Design and the Creation of Value -- John Heskett; Clive Dilnot; Suzan Boztepe --_21_appendix_Appendix_1__Socialist_theory__-report.md,15925,bd3e1a7f01f5800edf0f90b1cede35a8b746ee9973a5e7bc4096525fee78c96f
00-books-result/Design and the Creation of Value -- John Heskett; Clive Dilnot; Suzan Boztepe --/B44133280-Design-and-the-Creation-of-Value-John-Heskett-Clive-Dilnot-Suzan-report.md,00-books/Design and the Creation of Value -- John Heskett; Clive Dilnot; Suzan Boztepe --/Design and the Creation of Value -- John Heskett; Clive Dilnot; Suzan Boztepe --_22_bibliography_INDEX___Bloomsbury_Academic_An.md,00-books-result/Design and the Creation of Value -- John Heskett; Clive Dilnot; Suzan Boztepe --/Design and the Creation of Value -- John Heskett; Clive Dilnot; Suzan Boztepe --_22_bibliography_INDEX___Bloomsbury_Academic_An-report.md,16463,2193ed8dba8b45686dab7a1b7bce55aea8cc0120de2a864ec3d49b9147d76c2a
"00-books-result/Forty, Adrian：Objects of Desire, 1986/63-00000063-report.md","00-books/Forty, Adrian：Objects of Desire, 1986/63-00000063.md","00-books-result/Forty, Adrian：Objects of Desire, 1986/B44134704-00000063-report.md",11316,c7586a141c61af237825e0dfcae800166fae96be7a4435074cdd6fabee3ead79
"00-books-result/Forty, Adrian：Objects of Desire, 1986/64-00000064-report.md","00-books/Forty, Adrian：Objects of Desire, 1986/64-00000064.md","00-books-result/Forty, Adrian：Objects of Desire, 1986/B44134705-00000064-report.md",12892,20ecc620026fbd23aca5035e47562ad0cc4fbfa7cd5fa306a67fb8cf9e2f4998
"00-books-result/Forty, Adrian：Objects of Desire, 1986/65-00000065-report.md","00-books/Forty, Adrian：Objects of Desire, 1986/65-00000065.md","00-books-result/Forty, Adrian：Objects of Desire, 1986/B44134706-00000065-report.md",12543,d177d5cf5004689a780bd011ec4898d3f62c9d9f4aa498185d1e754a64aafc78
"00-books-result/Forty, Adrian：Objects of Desire, 1986/66-00000066-report.md","00-books/Forty, Adrian：Objects of Desire, 1986/66-00000066.md","00-books-result/Forty, Adrian：Objects of Desire, 1986/B44134707-00000066-report.md",13699,f71a4e305aabd228559e2ae042e8f7dd4d89c0f5b2801a5d274126919ab1b7c4
"00-books-result/Forty, Adrian：Objects of Desire, 1986/67-00000067-report.md","00-books/Forty, Adrian：Objects of Desire, 1986/67-00000067.md","00-books-result/Forty, Adrian：Objects of Desire, 1986/B44134708-00000067-report.md",13152,f28e1af6a60de5a9c82311a3c1c9f5cb5d802ba4d19943e383b0d49a9a46977e
"00-books-result/Forty, Adrian：Objects of Desire, 1986/68-00000068-report.md","00-books/Forty, Adrian：Objects of Desire, 1986/68-00000068.md","00-books-result/Forty, Adrian：Objects of Desire, 1986/B44134709-00000068-report.md",13532,dfb2390cd56241d532d8dff0d654efc76c467568e15abba6fbc9abe757287784
"00-books-result/Forty, Adrian：Objects of Desire, 1986/69-00000069-report.md","00-books/Forty, Adrian：Objects of Desire, 1986/69-00000069.md","00-books-result/Forty, Adrian：Objects of Desire, 1986/B44134710-00000069-report.md",12823,026a4c273a21326eaeb2c6943c61ed8ed4a64a87debacb3b35ada9ed2f773fdf
"00-books-result/Forty, Adrian：Objects of Desire, 1986/70-00000070-report.md","00-books/Forty, Adrian：Objects of Desire, 1986/70-00000070.md","00-books-result/Forty, Adrian：Objects of Desire, 1986/B44134711-00000070-report.md",13696,f34936ef0b9d98123e224bc75e0040c1275da2257f9de82cc416c01f6c9244ed
"00-books-result/Forty, Adrian：Objects of Desire, 1986/71-00000071-report.md","00-books/Forty, Adrian：Objects of Desire, 1986/71-00000071.md","00-books-result/Forty, Adrian：Objects of Desire, 1986/B44134712-00000071-report.md",12039,2e0f6ccd1f7739d756ec8690c5eb77519a67344f90d0b810cb31980ce89abfe9
"00-books-result/Forty, Adrian：Objects of Desire, 1986/72-00000072-report.md","00-books/Forty, Adrian：Objects of Desire, 1986/72-00000072.md","00-books-result/Forty, Adrian：Objects of Desire, 1986/B44134713-00000072-report.md",12743,2cb7f2604e905a54a27aec2e87dc740adc8a6f1f0802960ba6fef328dbbdcc50
"00-books-result/Forty, Adrian：Objects of Desire, 1986/73-00000073-report.md","00-books/Forty, Adrian：Objects of Desire, 1986/73-00000073.md","00-books-result/Forty, Adrian：Objects of Desire, 1986/B44134714-00000073-report.md",13635,e0d4ef7f8414f42419aa808a3b6a7c5bf94e45b13d2c5416af45feeff17057bb
"00-books-result/Forty, Adrian：Objects of Desire, 1986/74-00000074-report.md","00-books/Forty, Adrian：Objects of Desire, 1986/74-00000074.md","00-books-result/Forty, Adrian：Objects of Desire, 1986/B44134715-00000074-report.md",12872,6c2838540464eb06b34dc22accab13dcd9525ca905426bfb6c658783c216041b
"00-books-result/Forty, Adrian：Objects of Desire, 1986/75-00000075-report.md","00-books/Forty, Adrian：Objects of Desire, 1986/75-00000075.md","00-books-result/Forty, Adrian：Objects of Desire, 1986/B44134716-00000075-report.md",11952,ba4a69aee71ae4d0a8b58624f95bd04a4be43c33cddb046b896435b37b2459de
"00-books-result/Forty, Adrian：Objects of Desire, 1986/76-00000076-report.md","00-books/Forty, Adrian：Objects of Desire, 1986/76-00000076.md","00-books-result/Forty, Adrian：Objects of Desire, 1986/B44134717-00000076-report.md",12843,0e161ca20f789245e3064b8b9c76fab8e49f24942fad4b5aba22c8bd0e00abc0
"00-books-result/Forty, Adrian：Objects of Desire, 1986/77-00000077-report.md","00-books/Forty, Adrian：Objects of Desire, 1986/77-00000077.md","00-books-result/Forty, Adrian：Objects of Desire, 1986/B44134718-00000077-report.md",14077,0f5fd61b99a551705c8ade85211a5e66c5ea838b94644f7eb79e8497e36f3243
"00-books-result/Forty, Adrian：Objects of Desire, 1986/78-00000078-report.md","00-books/Forty, Adrian：Objects of Desire, 1986/78-00000078.md","00-books-result/Forty, Adrian：Objects of Desire, 1986/B44134719-00000078-report.md",13062,ed23b5c7dd3a88ad7302b0931b9360483e266219dfd9f923c8486e03f6c77e25
"00-books-result/Forty, Adrian：Objects of Desire, 1986/79-00000079-report.md","00-books/Forty, Adrian：Objects of Desire, 1986/79-00000079.md","00-books-result/Forty, Adrian：Objects of Desire, 1986/B44134720-00000079-report.md",11597,0e5f74b234daa2432b8588aed4da07c5dc8832506e3f0469410697b2a2bad7e6
"00-books-result/Forty, Adrian：Objects of Desire, 1986/80-00000080-report.md","00-books/Forty, Adrian：Objects of Desire, 1986/80-00000080.md","00-books-result/Forty, Adrian：Objects of Desire, 1986/B44134721-00000080-report.md",12695,99d5f46505ed2efa660b076c4964b2db9a0eb5b21b834067b3c7657f24a0150a
"00-books-result/Forty, Adrian：Objects of Desire, 1986/81-00000081-report.md","00-books/Forty, Adrian：Objects of Desire, 1986/81-00000081.md","00-books-result/Forty, Adrian：Objects of Desire, 1986/B44134722-00000081-report.md",12936,4b933a3607087d50497ff5adc2380f28717a97dfbb2e4f13f0c9bb37238b3c18
"00-books-result/Forty, Adrian：Objects of Desire, 1986/82-00000082-report.md","00-books/Forty, Adrian：Objects of Desire, 1986/82-00000082.md","00-books-result/Forty, Adrian：Objects of Desire, 1986/B44134723-00000082-report.md",12555,4dbacdb279c188b2630f894cc0c659cb6ce0fbee6b83c96d4454fefc5c07062a
"00-books-result/Forty, Adrian：Objects of Desire, 1986/83-00000083-report.md","00-books/Forty, Adrian：Objects of Desire, 1986/83-00000083.md","00-books-result/Forty, Adrian：Objects of Desire, 1986/B44134724-00000083-report.md",11263,edde4903bac35cd492db6c6da116c76d77720f6687dd7ccdc55fcf9c24d981dc
"00-books-result/Forty, Adrian：Objects of Desire, 1986/84-00000084-report.md","00-books/Forty, Adrian：Objects of Desire, 1986/84-00000084.md","00-books-result/Forty, Adrian：Objects of Desire, 1986/B44134725-00000084-report.md",12996,670a227baa4228d3f00580a25e6105ca64ab1cf5912332a8f6a752ea3c47016e
"00-books-result/Forty, Adrian：Objects of Desire, 1986/85-00000085-report.md","00-books/Forty, Adrian：Objects of Desire, 1986/85-00000085.md","00-books-result/Forty, Adrian：Objects of Desire, 1986/B44134726-00000085-report.md",11564,998c1b88ab9868d3d8c5c9aebd995fe4b5ec9e72f8f1676435de8d063b619129
"00-books-result/Forty, Adrian：Objects of Desire, 1986/86-00000086-report.md","00-books/Forty, Adrian：Objects of Desire, 1986/86-00000086.md","00-books-result/Forty, Adrian：Objects of Desire, 1986/B44134727-00000086-report.md",14101,91d25640f9c987b4f130a2f2c56d59b9bd097068c6f86a131421d9292e7609d0
"00-books-result/Forty, Adrian：Objects of Desire, 1986/87-00000087-report.md","00-books/Forty, Adrian：Objects of Desire, 1986/87-00000087.md","00-books-result/Forty, Adrian：Objects of Desire, 1986/B44134728-00000087-report.md",12929,69175324b01dabff801098240e17347e4540452feb8e67a9378b3cc610cc9b86
"00-books-result/Forty, Adrian：Objects of Desire, 1986/88-00000088-report.md","00-books/Forty, Adrian：Objects of Desire, 1986/88-00000088.md","00-books-result/Forty, Adrian：Objects of Desire, 1986/B44134729-00000088-report.md",11710,cd90144ce54128d22ede519b30bdb405b0558433850eab50fe3557d6e3187dac
"00-books-result/Forty, Adrian：Objects of Desire, 1986/89-00000089-report.md","00-books/Forty, Adrian：Objects of Desire, 1986/89-00000089.md","00-books-result/Forty, Adrian：Objects of Desire, 1986/B44134730-00000089-report.md",11170,29e70ec4052e288e46b7ef4947202d73d4b8a5034b04fd164ed6415d81f50a69
"00-books-result/Forty, Adrian：Objects of Desire, 1986/90-00000090-report.md","00-books/Forty, Adrian：Objects of Desire, 1986/90-00000090.md","00-books-result/Forty, Adrian：Objects of Desire, 1986/B44134731-00000090-report.md",12502,2959fc2f5d706d78e9a6dcd292268723b287cda0f6635f397cb9e46115c5c807
"00-books-result/Forty, Adrian：Objects of Desire, 1986/B44134732-00000091-report.md","00-books/Forty, Adrian：Objects of Desire, 1986/91-00000091.md","00-books-result/Forty, Adrian：Objects of Desire, 1986/91-00000091-report.md",11345,df3f3410ac7cd161fa5a2fb8a0d1d79956e34b8a68456554aac3772862e5e857
"00-books-result/Forty, Adrian：Objects of Desire, 1986/92-00000092-report.md","00-books/Forty, Adrian：Objects of Desire, 1986/92-00000092.md","00-books-result/Forty, Adrian：Objects of Desire, 1986/B44134733-00000092-report.md",11370,94774232efefe621e058532f5b1207d91ce66c3dd517e697719dfe3ab62ff9ad
"00-books-result/Forty, Adrian：Objects of Desire, 1986/93-00000093-report.md","00-books/Forty, Adrian：Objects of Desire, 1986/93-00000093.md","00-books-result/Forty, Adrian：Objects of Desire, 1986/B44134734-00000093-report.md",12366,625bc42529f9705b1c9b89ac7c3422c2c258a67b67713aad6ff10c6a2b453624
"00-books-result/Forty, Adrian：Objects of Desire, 1986/94-00000094-report.md","00-books/Forty, Adrian：Objects of Desire, 1986/94-00000094.md","00-books-result/Forty, Adrian：Objects of Desire, 1986/B44134735-00000094-report.md",11158,8f26235bfc294937d5890e5278185d27a00c7ebd0eef23ed9324f66ce8d7b90a
"00-books-result/Forty, Adrian：Objects of Desire, 1986/95-00000095-report.md","00-books/Forty, Adrian：Objects of Desire, 1986/95-00000095.md","00-books-result/Forty, Adrian：Objects of Desire, 1986/B44134736-00000095-report.md",11903,e79ae1fd12c8884070acf48f614235215b7c34e5d96558daa53c5dbc7e13677c
"00-books-result/Forty, Adrian：Objects of Desire, 1986/96-00000096-report.md","00-books/Forty, Adrian：Objects of Desire, 1986/96-00000096.md","00-books-result/Forty, Adrian：Objects of Desire, 1986/B44134737-00000096-report.md",11794,c657513857c6f469e51c20e91826597099b924b9f677c416c3a2d999b780db2d
"00-books-result/Forty, Adrian：Objects of Desire, 1986/97-00000097-report.md","00-books/Forty, Adrian：Objects of Desire, 1986/97-00000097.md","00-books-result/Forty, Adrian：Objects of Desire, 1986/B44134738-00000097-report.md",11216,b9649e6da8e90ec9a94b4c13a8b1dbff3fd0998f64cfd71b5c10d412f3eaf5c3
"00-books-result/Forty, Adrian：Objects of Desire, 1986/98-00000098-report.md","00-books/Forty, Adrian：Objects of Desire, 1986/98-00000098.md","00-books-result/Forty, Adrian：Objects of Desire, 1986/B44134739-00000098-report.md",12746,b8418a1bd77c79cd553a65fb95b63f73dc109f9f40e3864c6e673ca41877fd6c
"00-books-result/Forty, Adrian：Objects of Desire, 1986/99-00000099-report.md","00-books/Forty, Adrian：Objects of Desire, 1986/99-00000099.md","00-books-result/Forty, Adrian：Objects of Desire, 1986/B44134740-00000099-report.md",11861,a24ed8eb2dbd3a639bc14958f8b92fbb66eec9123f9c4d1274c9bd3f400f8a22
00-books-result/Kenya Hara：《Designing Design》，2007/B1322-DD-slice-015-report.md,00-books/Kenya Hara：《Designing Design》，2007/19-15.md,00-books-result/Kenya Hara：《Designing Design》，2007/B44136899-15-report.md,11672,b03bdcead4b2ea582aebbe7fd016569b3fe8e00b60cd61b072f1e9d4a67a8dbf
00-books-result/Kenya Hara：《Designing Design》，2007/B1323-DD-slice-016-report.md,00-books/Kenya Hara：《Designing Design》，2007/20-16.md,00-books-result/Kenya Hara：《Designing Design》，2007/B44136910-16-report.md,2324,a70cb422d2fbd31f794532b401ea67adc91f5134716b6f39e107ef08b4a8b453
00-books-result/Kenya Hara：《Designing Design》，2007/B1324-DD-slice-017-report.md,00-books/Kenya Hara：《Designing Design》，2007/21-17.md,00-books-result/Kenya Hara：《Designing Design》，2007/B44136921-17-report.md,8325,67ad98562573e94f5944338cd31ff735aa68ee7a621bb6e4001acc63837a424d
00-books-result/Kenya Hara：《Designing Design》，2007/B1325-DD-slice-018-report.md,00-books/Kenya Hara：《Designing Design》，2007/22-18.md,00-books-result/Kenya Hara：《Designing Design》，2007/B44136932-18-report.md,2324,c07118143fc682db2924198d7cbe73f73cc362c847a60fd809edeedf18fa81b9
00-books-result/Kenya Hara：《Designing Design》，2007/B1326-DD-slice-019-report.md,00-books/Kenya Hara：《Designing Design》，2007/23-19.md,00-books-result/Kenya Hara：《Designing Design》，2007/B44136943-19-report.md,10995,850f18e6a3e4a7201d20f8a0fbdab1ec81795e4bd8c99f22cd65668617a48d60
00-books-result/Kenya Hara：《Designing Design》，2007/B1327-DD-slice-020-report.md,00-books/Kenya Hara：《Designing Design》，2007/24-20.md,00-books-result/Kenya Hara：《Designing Design》，2007/B44136954-20-report.md,2324,c5f17803597d51c41be1c327bf6e6f3a187b2325343724eb17e6650385a448be
00-books-result/Kenya Hara：《Designing Design》，2007/B1328-DD-slice-021-report.md,00-books/Kenya Hara：《Designing Design》，2007/25-21.md,00-books-result/Kenya Hara：《Designing Design》，2007/B44136965-21-report.md,8862,e9d5d4acba992717644791ee3cc765de6de3210fc90f0d03322c6ff4c07009f3
00-books-result/Kenya Hara：《Designing Design》，2007/B1329-DD-slice-022-report.md,00-books/Kenya Hara：《Designing Design》，2007/26-22.md,00-books-result/Kenya Hara：《Designing Design》，2007/B44136976-22-report.md,11145,449b3bd4fc5e068fd2b32a4e45a6942fa234398d612c01d89528761a5fb3125a
00-books-result/Kenya Hara：《Designing Design》，2007/B1330-DD-slice-023-report.md,00-books/Kenya Hara：《Designing Design》，2007/27-23.md,00-books-result/Kenya Hara：《Designing Design》，2007/B44136987-23-report.md,10386,aa51362432b743cc43fbbbcb7512b78a58f83411e4376a01bf102a6ecea14646
00-books-result/Kenya Hara：《Designing Design》，2007/B1331-DD-slice-024-report.md,00-books/Kenya Hara：《Designing Design》，2007/28-24.md,00-books-result/Kenya Hara：《Designing Design》，2007/B44136998-24-report.md,11522,ebd1572db5d4b0e80059aa5db40a65bdc6a8c7f721496b2b259ff001eb2d7a53
00-books-result/Kenya Hara：《Designing Design》，2007/B1332-DD-slice-025-report.md,00-books/Kenya Hara：《Designing Design》，2007/29-25.md,00-books-result/Kenya Hara：《Designing Design》，2007/B44137009-25-report.md,11707,55a5daa9b2dbc04a0c381ac5964f280599da33761ae7ecee1af0780bab402cfd
00-books-result/Kenya Hara：《Designing Design》，2007/B1333-DD-slice-026-report.md,00-books/Kenya Hara：《Designing Design》，2007/30-26.md,00-books-result/Kenya Hara：《Designing Design》，2007/B44137020-26-report.md,12530,f5f4b7dd0eb58df21012002bb2612e82005144482f1998ed0a6b4741729a3055
00-books-result/Kenya Hara：《Designing Design》，2007/B1334-DD-slice-027-report.md,00-books/Kenya Hara：《Designing Design》，2007/31-27.md,00-books-result/Kenya Hara：《Designing Design》，2007/B44137031-27-report.md,9818,5b67446038d7240994d758fa1e7d947c0f3a68028de2bbc08bef5ea7854edaf9
00-books-result/Kenya Hara：《Designing Design》，2007/B1335-DD-slice-028-report.md,00-books/Kenya Hara：《Designing Design》，2007/32-28.md,00-books-result/Kenya Hara：《Designing Design》，2007/B44137042-28-report.md,11116,43b84551a1acebd0b1cdae3da56d873b1e0e7bc4dbbb674e32c050e92e5f754d
00-books-result/Kenya Hara：《Designing Design》，2007/B1336-DD-slice-029-report.md,00-books/Kenya Hara：《Designing Design》，2007/33-29.md,00-books-result/Kenya Hara：《Designing Design》，2007/B44137053-29-report.md,10479,d388269242e39b9240574795601c67eb5274b5a60b56119bbcc2d4b113b37318
00-books-result/Kenya Hara：《Designing Design》，2007/B1337-DD-slice-030-report.md,00-books/Kenya Hara：《Designing Design》，2007/34-30.md,00-books-result/Kenya Hara：《Designing Design》，2007/B44137064-30-report.md,12389,e2f6551392b4994f2606c9fc2933b194afbb93484fd27e8966d5804552036770
00-books-result/Kenya Hara：《Designing Design》，2007/B1338-DD-slice-031-report.md,00-books/Kenya Hara：《Designing Design》，2007/35-31.md,00-books-result/Kenya Hara：《Designing Design》，2007/B44137075-31-report.md,10066,83e4b4b7959cf28e44dffd78b2252fcefc95ea48be9dc620af3852b4b346687f
00-books-result/Kenya Hara：《Designing Design》，2007/B1339-DD-slice-032-report.md,00-books/Kenya Hara：《Designing Design》，2007/36-32.md,00-books-result/Kenya Hara：《Designing Design》，2007/B44137086-32-report.md,10832,e02a83b59b4ad6d29afaf1044353ba1c48f081b310af0406fbfd37b2f509c3fd
00-books-result/Kenya Hara：《Designing Design》，2007/B1340-DD-slice-033-report.md,00-books/Kenya Hara：《Designing Design》，2007/37-33.md,00-books-result/Kenya Hara：《Designing Design》，2007/B44137097-33-report.md,11821,3497c2e21533da829b309f3e7dbc68fb389ebed36c9b454ab94be6383f64a445
00-books-result/Kenya Hara：《Designing Design》，2007/B1341-DD-slice-034-report.md,00-books/Kenya Hara：《Designing Design》，2007/38-34.md,00-books-result/Kenya Hara：《Designing Design》，2007/B44137108-34-report.md,11501,f2ff2e4f957afad332c149a5d98beb861d315bbef8bb412df94e3ee679b4c684
00-books-result/Kenya Hara：《Designing Design》，2007/B1342-DD-slice-035-report.md,00-books/Kenya Hara：《Designing Design》，2007/39-35.md,00-books-result/Kenya Hara：《Designing Design》，2007/B44137119-35-report.md,10966,b132215306b7dcf7cd441ae94c834a31c58581959ea1106f222f56163a155b3c
00-books-result/Kenya Hara：《Designing Design》，2007/B1343-DD-slice-036-report.md,00-books/Kenya Hara：《Designing Design》，2007/40-36.md,00-books-result/Kenya Hara：《Designing Design》，2007/B44137130-36-report.md,7934,794dfece03f508fcab9c4c87ea5fb9d2298e0a726e06ecdd2c9cc63a1cad5f4f
00-books-result/Kenya Hara：《Designing Design》，2007/B1344-DD-slice-037-report.md,00-books/Kenya Hara：《Designing Design》，2007/41-37.md,00-books-result/Kenya Hara：《Designing Design》，2007/B44137141-37-report.md,7648,b2bc9fc4c5a44846334c13692cee7bb7725a2e6568f6f5c5093582c98816dc6d
00-books-result/Kenya Hara：《Designing Design》，2007/B1345-DD-slice-038-report.md,00-books/Kenya Hara：《Designing Design》，2007/42-38.md,00-books-result/Kenya Hara：《Designing Design》，2007/B44137152-38-report.md,11269,84a91d8b7143d5da50797ca21bb641832bc06c966ebf275afc7cba856ae91e9b
00-books-result/Kenya Hara：《Designing Design》，2007/B1346-DD-slice-039-report.md,00-books/Kenya Hara：《Designing Design》，2007/43-39.md,00-books-result/Kenya Hara：《Designing Design》，2007/B44137163-39-report.md,11201,06e094b5439b5239b802e68f7156ddd7ae5662e5c345e0f8df0995eb97a46bd7
00-books-result/Kenya Hara：《Designing Design》，2007/B1347-DD-slice-040-report.md,00-books/Kenya Hara：《Designing Design》，2007/44-40.md,00-books-result/Kenya Hara：《Designing Design》，2007/B44137174-40-report.md,11626,5387bf8a2406ce9b9b6ac102a67b26982bbd117573fb1ed451c39888865a158c
00-books-result/Kenya Hara：《Designing Design》，2007/B1348-DD-slice-041-report.md,00-books/Kenya Hara：《Designing Design》，2007/45-41.md,00-books-result/Kenya Hara：《Designing Design》，2007/B44137185-41-report.md,11073,18f33a3bcf02996ca3f4c00c37833d66a108c3e0fb9f5c3c50717cb7adb0b77b
00-books-result/Kenya Hara：《Designing Design》，2007/B1349-DD-slice-042-report.md,00-books/Kenya Hara：《Designing Design》，2007/46-42.md,00-books-result/Kenya Hara：《Designing Design》，2007/B44137196-42-report.md,10624,cad44634892454e42c59e76018376d9ddbc1c20ee4e40f7144176e59f0025113
00-books-result/Kenya Hara：《Designing Design》，2007/B1350-DD-slice-043-report.md,00-books/Kenya Hara：《Designing Design》，2007/47-43.md,00-books-result/Kenya Hara：《Designing Design》，2007/B44137207-43-report.md,10576,32a91a7387580ceb4a07524c729943d82f31aac5d7235edd4917bb45ff5a8fc7
00-books-result/Kenya Hara：《Designing Design》，2007/B1351-DD-slice-044-report.md,00-books/Kenya Hara：《Designing Design》，2007/48-44.md,00-books-result/Kenya Hara：《Designing Design》，2007/B44137213-44-report.md,11604,488bf73714e1e86432d57bf85d3767bc331ddbe1ccdbe6af69fc76d68241a508
00-books-result/Kenya Hara：《Designing Design》，2007/B1352-DD-slice-045-report.md,00-books/Kenya Hara：《Designing Design》，2007/49-45.md,00-books-result/Kenya Hara：《Designing Design》，2007/B44137214-45-report.md,11073,b2649dfca4ad580bb57f92b53b060781765f3d9518afd8ee40d325657ce1e478
00-books-result/Kenya Hara：《Designing Design》，2007/B1353-DD-slice-046-report.md,00-books/Kenya Hara：《Designing Design》，2007/50-46.md,00-books-result/Kenya Hara：《Designing Design》，2007/B44137215-46-report.md,10449,b8f6e94ec530b307faad8c11ad15f176780a99a0435621413f6841fe9f5a059d
00-books-result/Kenya Hara：《Designing Design》，2007/B1354-DD-slice-047-report.md,00-books/Kenya Hara：《Designing Design》，2007/51-47.md,00-books-result/Kenya Hara：《Designing Design》，2007/B44137216-47-report.md,10616,c1a86cdc1d9d535a1c4a9f7bd626d3d085c38a6303a9024f28b9c0c23c248501
00-books-result/Kenya Hara：《Designing Design》，2007/B1355-DD-slice-048-report.md,00-books/Kenya Hara：《Designing Design》，2007/52-48.md,00-books-result/Kenya Hara：《Designing Design》，2007/B44137217-48-report.md,11630,e005ebbecfb1dc1681ccb4e6b105e4ac0bb687bfec968a595eda86cff586897a
00-books-result/Kenya Hara：《Designing Design》，2007/B1356-DD-slice-049-report.md,00-books/Kenya Hara：《Designing Design》，2007/53-49.md,00-books-result/Kenya Hara：《Designing Design》，2007/B44137218-49-report.md,10217,c3ff0c36302d9ecdee23ad0c0dae8f10ab58608484586119f226334a3aa9bbfa
00-books-result/Kenya Hara：《Designing Design》，2007/B1357-DD-slice-050-report.md,00-books/Kenya Hara：《Designing Design》，2007/54-50.md,00-books-result/Kenya Hara：《Designing Design》，2007/B44137219-50-report.md,11005,d24258020a02aa0f6346e949ccbef21000c6a853ad8f7b8f3267bdca82835e6e
00-books-result/Kenya Hara：《Designing Design》，2007/B1358-DD-slice-051-report.md,00-books/Kenya Hara：《Designing Design》，2007/55-51.md,00-books-result/Kenya Hara：《Designing Design》，2007/B44137220-51-report.md,11349,fdf6e0e0de764c92de5d1078a189713c8b5d651e72e4a2f57f960f7b1b4a5830
00-books-result/Kenya Hara：《Designing Design》，2007/B1359-DD-slice-052-report.md,00-books/Kenya Hara：《Designing Design》，2007/56-52.md,00-books-result/Kenya Hara：《Designing Design》，2007/B44137221-52-report.md,11390,ad373b3517870268b3df9871ad9f06265ab745d0ceccd6308525b989dcac83d2
00-books-result/Kenya Hara：《Designing Design》，2007/B1360-DD-slice-053-report.md,00-books/Kenya Hara：《Designing Design》，2007/57-53.md,00-books-result/Kenya Hara：《Designing Design》，2007/B44137222-53-report.md,10526,8aca237b19d1af67f996721feeff5de9530943d86c549963bca13099d86d5599
00-books-result/Kenya Hara：《Designing Design》，2007/B1361-DD-slice-054-report.md,00-books/Kenya Hara：《Designing Design》，2007/58-54.md,00-books-result/Kenya Hara：《Designing Design》，2007/B44137223-54-report.md,11183,1b7eb1b681775aa817cbaddd4173a42860f1d53ccd0b779af5bb780f8b82f61a
00-books-result/Kenya Hara：《Designing Design》，2007/B1362-DD-slice-055-report.md,00-books/Kenya Hara：《Designing Design》，2007/59-55.md,00-books-result/Kenya Hara：《Designing Design》，2007/B44137224-55-report.md,11516,7c0c80f5ac50dc21d1e268f415c404f2536a25b4393834575ef6857c464d2890
00-books-result/Kenya Hara：《Designing Design》，2007/B1363-DD-slice-056-report.md,00-books/Kenya Hara：《Designing Design》，2007/60-56.md,00-books-result/Kenya Hara：《Designing Design》，2007/B44137225-56-report.md,11366,b00ea90daa961fe6f9820ed0ffa5939679bd7a1e571c606bc3a1c2da0c67b36d
00-books-result/Kenya Hara：《Designing Design》，2007/B1364-DD-slice-057-report.md,00-books/Kenya Hara：《Designing Design》，2007/61-57.md,00-books-result/Kenya Hara：《Designing Design》，2007/B44137226-57-report.md,11011,c812befcb5fce2a76c1a5cba6d5eafe56838c38b559a4f61cf204a0dc33c660f
00-books-result/Kenya Hara：《Designing Design》，2007/B1365-DD-slice-058-report.md,00-books/Kenya Hara：《Designing Design》，2007/62-58.md,00-books-result/Kenya Hara：《Designing Design》，2007/B44137227-58-report.md,11451,f18d5df2b4fe67004c90e79762ee369302307d9854e299b93c74b40428473c38
00-books-result/Kenya Hara：《Designing Design》，2007/B1366-DD-slice-059-report.md,00-books/Kenya Hara：《Designing Design》，2007/63-59.md,00-books-result/Kenya Hara：《Designing Design》，2007/B44137228-59-report.md,11327,04dd8cd1c49db9fdc670e7c5fb2a2a0be4e2c99d59e7ed4557dd126451332d6c
00-books-result/Kenya Hara：《Designing Design》，2007/B1367-DD-slice-060-report.md,00-books/Kenya Hara：《Designing Design》，2007/64-60.md,00-books-result/Kenya Hara：《Designing Design》，2007/B44137229-60-report.md,11732,b872389df6bbed9aaf45539929609c947372ea5b8cd1c056f52e46ddff116e28
00-books-result/Kenya Hara：《Designing Design》，2007/B1368-DD-slice-061-report.md,00-books/Kenya Hara：《Designing Design》，2007/65-61.md,00-books-result/Kenya Hara：《Designing Design》，2007/B44137230-61-report.md,10876,c8032b271f66c4a5bc6b33c7c576323a4b6d6bae6ea255943b12ab6656819334
00-books-result/Kenya Hara：《Designing Design》，2007/B1369-DD-slice-062-report.md,00-books/Kenya Hara：《Designing Design》，2007/66-62.md,00-books-result/Kenya Hara：《Designing Design》，2007/B44137231-62-report.md,12622,6dda7559c4abef6bcc283214a1fba0d724f1fde0e40236c7ddb76dd10fc4c39d
00-books-result/Kenya Hara：《Designing Design》，2007/B1370-DD-slice-063-report.md,00-books/Kenya Hara：《Designing Design》，2007/67-63.md,00-books-result/Kenya Hara：《Designing Design》，2007/B44137232-63-report.md,11522,44b3f900e7e9c678c08a848c15a05cbdb45b04515a9bb61138355ea1bc19d3fd
00-books-result/Kenya Hara：《Designing Design》，2007/B1371-DD-slice-064-report.md,00-books/Kenya Hara：《Designing Design》，2007/68-64.md,00-books-result/Kenya Hara：《Designing Design》，2007/B44137233-64-report.md,12199,508ece8e3ffa958b95c8ecf5c7dd5a35eddce670bf56bb2f6b2835f4b45505db
00-books-result/Kenya Hara：《Designing Design》，2007/B1372-DD-slice-065-report.md,00-books/Kenya Hara：《Designing Design》，2007/69-65.md,00-books-result/Kenya Hara：《Designing Design》，2007/B44137234-65-report.md,10914,19f5934fe3c8e96df047c077584fdd02e0cb9d07c498c224e6cbade5cdaa1b03
00-books-result/Kenya Hara：《Designing Design》，2007/B1373-DD-slice-066-report.md,00-books/Kenya Hara：《Designing Design》，2007/70-66.md,00-books-result/Kenya Hara：《Designing Design》，2007/B44137235-66-report.md,2324,f789562df6b2826c6e82d43f4137d6d6a6f990f7d109f781a02b18c549ca0b65
00-books-result/Kenya Hara：《Designing Design》，2007/B1374-DD-slice-067-report.md,00-books/Kenya Hara：《Designing Design》，2007/71-67.md,00-books-result/Kenya Hara：《Designing Design》，2007/B44137236-67-report.md,8426,c87d05465153185d9acc0588b10956b83c69b37ba78efa2f30fec568fe35973b
00-books-result/Kenya Hara：《Designing Design》，2007/B1375-DD-slice-068-report.md,00-books/Kenya Hara：《Designing Design》，2007/72-68.md,00-books-result/Kenya Hara：《Designing Design》，2007/B44137237-68-report.md,11079,540cd472ed88cd7d9c1e156a4b87d2deac15002a0262c0a1401e736451404c84
00-books-result/Kenya Hara：《Designing Design》，2007/B1376-DD-slice-069-report.md,00-books/Kenya Hara：《Designing Design》，2007/73-69.md,00-books-result/Kenya Hara：《Designing Design》，2007/B44137238-69-report.md,10985,ffc3f560544ef81a8a41128cc6be1febd714335b0158b2b8ce9266ac833bf5a5
00-books-result/Kenya Hara：《Designing Design》，2007/B1377-DD-slice-070-report.md,00-books/Kenya Hara：《Designing Design》，2007/74-70.md,00-books-result/Kenya Hara：《Designing Design》，2007/B44137239-70-report.md,10907,5887b0ac30cb1baeabd7bf0b3f6737747a8ec7d8500165dc4207b1e164d8d65d
00-books-result/Kenya Hara：《Designing Design》，2007/B1378-DD-slice-071-report.md,00-books/Kenya Hara：《Designing Design》，2007/75-71.md,00-books-result/Kenya Hara：《Designing Design》，2007/B44137240-71-report.md,10691,bf530471ae6ef250d2ba9f978e2d7796cc6801ab7fec6bfa5d8184f50974c147
00-books-result/Kenya Hara：《Designing Design》，2007/B1379-DD-slice-072-report.md,00-books/Kenya Hara：《Designing Design》，2007/76-72.md,00-books-result/Kenya Hara：《Designing Design》，2007/B44137241-72-report.md,11412,3e4db21911c4d001d9503e472fd57d65c1d5c1ecaf00990fc1c37dd313a81a8d
00-books-result/Kenya Hara：《Designing Design》，2007/B1380-DD-slice-073-report.md,00-books/Kenya Hara：《Designing Design》，2007/77-73.md,00-books-result/Kenya Hara：《Designing Design》，2007/B44137242-73-report.md,10796,d9917c43a54d411f8648c4c39cdc0f418d1eba4ef1131c2dea8dd7bd3db4e527
00-books-result/Kenya Hara：《Designing Design》，2007/B1381-DD-slice-074-report.md,00-books/Kenya Hara：《Designing Design》，2007/78-74.md,00-books-result/Kenya Hara：《Designing Design》，2007/B44137243-74-report.md,7770,5d98a6c4ffb12f557a65569510422db8e3403591c0751ee413af1e8a9516c45a
00-books-result/Kenya Hara：《Designing Design》，2007/B1382-DD-slice-075-report.md,00-books/Kenya Hara：《Designing Design》，2007/79-75.md,00-books-result/Kenya Hara：《Designing Design》，2007/B44137244-75-report.md,10936,0a6192698a5a6db4763eb879abd0232dc5447242a5bf2ff862efad3eda77cc85
00-books-result/Kenya Hara：《Designing Design》，2007/B1383-DD-slice-076-report.md,00-books/Kenya Hara：《Designing Design》，2007/80-76.md,00-books-result/Kenya Hara：《Designing Design》，2007/B44137245-76-report.md,11716,56ee861796eed336d97f5585ef3c801ffedf8a5ab84ad605773973242d7b6b9b
00-books-result/Kenya Hara：《Designing Design》，2007/B1384-DD-slice-077-report.md,00-books/Kenya Hara：《Designing Design》，2007/81-77.md,00-books-result/Kenya Hara：《Designing Design》，2007/B44137246-77-report.md,11169,241a506a0b294e4ebfe4af2e605178c582bfc6b7bf128006e7aa8aadff1b081b
00-books-result/Kenya Hara：《Designing Design》，2007/B1385-DD-slice-078-report.md,00-books/Kenya Hara：《Designing Design》，2007/82-78.md,00-books-result/Kenya Hara：《Designing Design》，2007/B44137247-78-report.md,7764,1f700942acb92b5b63ef0105beb6f6f19cd7c9187c84b4480f2be0fe28ed1e8a
00-books-result/Kenya Hara：《Designing Design》，2007/B1386-DD-slice-079-report.md,00-books/Kenya Hara：《Designing Design》，2007/83-79.md,00-books-result/Kenya Hara：《Designing Design》，2007/B44137248-79-report.md,7636,9bb517acce686518aa78fe71e1c073f16ba925227320d2e012179d49ac38f547
00-books-result/Kenya Hara：《Designing Design》，2007/B1387-DD-slice-080-report.md,00-books/Kenya Hara：《Designing Design》，2007/84-80.md,00-books-result/Kenya Hara：《Designing Design》，2007/B44137249-80-report.md,10865,49b87f5fb5eed5a3ed4d6e11e5a07db84851ccf9aad5aacc11475fce61613a16
00-books-result/Kenya Hara：《Designing Design》，2007/B1388-DD-slice-081-report.md,00-books/Kenya Hara：《Designing Design》，2007/85-81.md,00-books-result/Kenya Hara：《Designing Design》，2007/B44137250-81-report.md,7636,0e84727daf249d7ba502e6505db624ac1148e6e900aead7d75135c49360e7c8c
00-books-result/Kenya Hara：《Designing Design》，2007/B1389-DD-slice-082-report.md,00-books/Kenya Hara：《Designing Design》，2007/86-82.md,00-books-result/Kenya Hara：《Designing Design》，2007/B44137251-82-report.md,7767,8740af48c979571f23e521806cb03bc7653b140cd84025cf2bd853d48a9c816d
00-books-result/Kenya Hara：《Designing Design》，2007/B1390-DD-slice-083-report.md,00-books/Kenya Hara：《Designing Design》，2007/87-83.md,00-books-result/Kenya Hara：《Designing Design》，2007/B44137252-83-report.md,10191,9c2d7c85717c0becbf3f77a44a40e736d6acaaa80f363388de5a2ba8bbf28ea2
00-books-result/Kenya Hara：《Designing Design》，2007/B1391-DD-slice-084-report.md,00-books/Kenya Hara：《Designing Design》，2007/88-84.md,00-books-result/Kenya Hara：《Designing Design》，2007/B44137253-84-report.md,11738,761c9c8743ac34d3fcba51093b18c1c5827335995e5ed2a3e7e97268c34e170d
00-books-result/Kenya Hara：《Designing Design》，2007/B1392-DD-slice-085-report.md,00-books/Kenya Hara：《Designing Design》，2007/89-85.md,00-books-result/Kenya Hara：《Designing Design》，2007/B44137254-85-report.md,11255,77827b9d6d19205e080c9d9dbae7969fafb4f0f61466f02387cf51899358209d
00-books-result/Kenya Hara：《Designing Design》，2007/B1393-DD-slice-086-report.md,00-books/Kenya Hara：《Designing Design》，2007/90-86.md,00-books-result/Kenya Hara：《Designing Design》，2007/B44137255-86-report.md,11445,eb2bb3b57ff1aeaa758a4af0d6c3a2b6cc6adff97b2e6a6def9fc9a6773b8162
00-books-result/Kenya Hara：《Designing Design》，2007/B1394-DD-slice-087-report.md,00-books/Kenya Hara：《Designing Design》，2007/91-87.md,00-books-result/Kenya Hara：《Designing Design》，2007/B44137256-87-report.md,10826,5913e432472cee95cfb42211e7df7aaa24a91be955c0914f514de86481cc9046
00-books-result/Kenya Hara：《Designing Design》，2007/B1395-DD-slice-088-report.md,00-books/Kenya Hara：《Designing Design》，2007/92-88.md,00-books-result/Kenya Hara：《Designing Design》，2007/B44137257-88-report.md,7764,0097b6c931d57c1a7cfed1292fea099a6c2c0719ea22a03d25b46ca08fa4f501
00-books-result/Kenya Hara：《Designing Design》，2007/B1396-DD-slice-089-report.md,00-books/Kenya Hara：《Designing Design》，2007/93-89.md,00-books-result/Kenya Hara：《Designing Design》，2007/B44137258-89-report.md,11791,1cc22008b83b75a504483109f35402b351bd036f543b3b263d0d65ee1ee17bde
00-books-result/Kenya Hara：《Designing Design》，2007/B1397-DD-slice-090-report.md,00-books/Kenya Hara：《Designing Design》，2007/94-90.md,00-books-result/Kenya Hara：《Designing Design》，2007/B44137259-90-report.md,10415,89ceb273bb80224dc64cabcdc464c7c91e7006ae27598a05455e07259faa7a9c
00-books-result/Kenya Hara：《Designing Design》，2007/B1398-DD-slice-091-report.md,00-books/Kenya Hara：《Designing Design》，2007/95-91.md,00-books-result/Kenya Hara：《Designing Design》，2007/B44137260-91-report.md,7919,6faeeb633a64de7822ae4e01db3f2b432af9e18c76edcf6b2d122fb1bf8fb951
00-books-result/Kenya Hara：《Designing Design》，2007/B1399-DD-slice-092-report.md,00-books/Kenya Hara：《Designing Design》，2007/96-92.md,00-books-result/Kenya Hara：《Designing Design》，2007/B44137261-92-report.md,11976,0f1920df7562335ec5b5dc8b97e2762948a04a5ae9db151dbe7d60705632e595
00-books-result/Kenya Hara：《Designing Design》，2007/B1400-DD-slice-093-report.md,00-books/Kenya Hara：《Designing Design》，2007/97-93.md,00-books-result/Kenya Hara：《Designing Design》，2007/B44137262-93-report.md,11077,951ce026059445d064568d132f97f15c7008ce5a5bbb899a7a82c24f42ddab0c
00-books-result/Kenya Hara：《Designing Design》，2007/B1401-DD-slice-094-report.md,00-books/Kenya Hara：《Designing Design》，2007/98-94.md,00-books-result/Kenya Hara：《Designing Design》，2007/B44137263-94-report.md,10674,ef867c24f102ca8ffa52949d902df7c2c400078b6693af11ddef89a0e025c785
00-books-result/Kenya Hara：《Designing Design》，2007/B1402-DD-slice-095-report.md,00-books/Kenya Hara：《Designing Design》，2007/99-95.md,00-books-result/Kenya Hara：《Designing Design》，2007/B44137264-95-report.md,7708,1f8a595811d9152623995a59e4f81fbff70846ba0e7b6fdbabcd9698a9c5132a
"00-books-result/Love objects _ emotion, design, and material culture -- Anna Moran (Editor), Sor/04-NOTES ON CONTRIBUTORS-report.md","00-books/Love objects _ emotion, design, and material culture -- Anna Moran (Editor), Sor/04-NOTES ON CONTRIBUTORS.md","00-books-result/Love objects _ emotion, design, and material culture -- Anna Moran (Editor), Sor/B0321-notes-on-contributors-report.md",18796,eb71e42de27b45fd9c540487b2d2588b24fd4526d6d9cd2f7033de3cf755a99a
"00-books-result/Love objects _ emotion, design, and material culture -- Anna Moran (Editor), Sor/B0321-Notes-on-Contributors-OCR-report.md","00-books/Love objects _ emotion, design, and material culture -- Anna Moran (Editor), Sor/04-NOTES ON CONTRIBUTORS.md","00-books-result/Love objects _ emotion, design, and material culture -- Anna Moran (Editor), Sor/B0321-notes-on-contributors-report.md",18810,3d69094b4e42642aa4f0c45f693b33dad756a91a6a11a704341137241a61fc17
"00-books-result/Love objects _ emotion, design, and material culture -- Anna Moran (Editor), Sor/B0298-Sex-Birth-Nurture-Quilted-report.md","00-books/Love objects _ emotion, design, and material culture -- Anna Moran (Editor), Sor/11-Sex, Birth and Nurture Unto DeathPatching Together Quilted B.md","00-books-result/Love objects _ emotion, design, and material culture -- Anna Moran (Editor), Sor/11-Sex, Birth and Nurture Unto DeathPatching Together Quilted B-report.md",18553,032fcc7ea142ddc560c06401ed939f68a8f848a23bb07d8bafd46730633cc31e
"00-books-result/Love objects _ emotion, design, and material culture -- Anna Moran (Editor), Sor/B0301-genteel-craft-subversion-report.md","00-books/Love objects _ emotion, design, and material culture -- Anna Moran (Editor), Sor/14-The Genteel Craft of Subversion.md","00-books-result/Love objects _ emotion, design, and material culture -- Anna Moran (Editor), Sor/14-The Genteel Craft of Subversion-report.md",17976,86f57fae2a4bbe714428150a8871c50dd79e8220e1b0f1c8eedc59b796cb603b
"00-books-result/Love objects _ emotion, design, and material culture -- Anna Moran (Editor), Sor/B0303-gender-class-pipe-report.md","00-books/Love objects _ emotion, design, and material culture -- Anna Moran (Editor), Sor/16-Gender, class and the pipe.md","00-books-result/Love objects _ emotion, design, and material culture -- Anna Moran (Editor), Sor/16-Gender, class and the pipe-report.md",16414,a46b2be45a79ed8199fa9ae5087f45a497351f89c1658223a36289eb9e2198c8
"00-books-result/Love objects _ emotion, design, and material culture -- Anna Moran (Editor), Sor/B0305-Seduced-by-Archive-report.md","00-books/Love objects _ emotion, design, and material culture -- Anna Moran (Editor), Sor/18-Seduced by the Archive.md","00-books-result/Love objects _ emotion, design, and material culture -- Anna Moran (Editor), Sor/18-Seduced by the Archive-report.md",18398,2e0aa09c4d4b58fda001249387a1ba235ab1a5f588cbd78507ddf3801937f966
"00-books-result/Love objects _ emotion, design, and material culture -- Anna Moran (Editor), Sor/B0307-war-national-identity-report.md","00-books/Love objects _ emotion, design, and material culture -- Anna Moran (Editor), Sor/20-War and national identity.md","00-books-result/Love objects _ emotion, design, and material culture -- Anna Moran (Editor), Sor/20-War and national identity-report.md",15455,87a2200bb8c834e58dcd9e23d69a8e49bb2e935ceafe39d40a25072feec027cc
"00-books-result/Love objects _ emotion, design, and material culture -- Anna Moran (Editor), Sor/21-'Magic Toyshops'-report.md","00-books/Love objects _ emotion, design, and material culture -- Anna Moran (Editor), Sor/21-'Magic Toyshops'.md","00-books-result/Love objects _ emotion, design, and material culture -- Anna Moran (Editor), Sor/B0308-magic-toyshops-report.md",17585,b0bab171450d4529051c3c02dd516ce011a03ae1ddc0994948b50201034e5f3e
"00-books-result/Love objects _ emotion, design, and material culture -- Anna Moran (Editor), Sor/22-Mediating Relationships-report.md","00-books/Love objects _ emotion, design, and material culture -- Anna Moran (Editor), Sor/22-Mediating Relationships.md","00-books-result/Love objects _ emotion, design, and material culture -- Anna Moran (Editor), Sor/B0309-mediating-relationships-report.md",8670,49071574ff51b9e95d7b0b1a4c185c3595e0b674428297851d9f0679ef8d2063
"00-books-result/Love objects _ emotion, design, and material culture -- Anna Moran (Editor), Sor/23-Material Memories-report.md","00-books/Love objects _ emotion, design, and material culture -- Anna Moran (Editor), Sor/23-Material Memories.md","00-books-result/Love objects _ emotion, design, and material culture -- Anna Moran (Editor), Sor/B0310-material-memories-report.md",18198,b0b3923c0da6cd1b2fd563e2c68c09dd890069b58d86fb8c26eb77ff2b2a1796
"00-books-result/Love objects _ emotion, design, and material culture -- Anna Moran (Editor), Sor/26-Ecological destruction-report.md","00-books/Love objects _ emotion, design, and material culture -- Anna Moran (Editor), Sor/26-Ecological destruction.md","00-books-result/Love objects _ emotion, design, and material culture -- Anna Moran (Editor), Sor/B0313-ecological-destruction-report.md",17041,050c2cad8651f32fea4f76b615dab16a104d1358e96feb98efd830419413f071
"00-books-result/Love objects _ emotion, design, and material culture -- Anna Moran (Editor), Sor/27-BIBLIOGRAPHY-report.md","00-books/Love objects _ emotion, design, and material culture -- Anna Moran (Editor), Sor/27-BIBLIOGRAPHY.md","00-books-result/Love objects _ emotion, design, and material culture -- Anna Moran (Editor), Sor/B0314-bibliography-report.md",14159,2381ab663e9e213e8a4fcc73ced3f28e4d0483ef1c10b832f978ed033691b111
"00-books-result/MINDELL, DAVID A. Automation's Finest Hour Radar and System Integration in World/B0352-Training-Automatic-Control-report.md","00-books/MINDELL, DAVID A. Automation's Finest Hour Radar and System Integration in World/03-8. Assist in training programs AUTOMATIC CONTROL's.md","00-books-result/MINDELL, DAVID A. Automation's Finest Hour Radar and System Integration in World/03-8. Assist in training programs AUTOMATIC CONTROL's-report.md",15052,14fa571df2baeecd98e999bc9da1453dd3137d66d2908c052b7ea87b34d1c205
00-books-result/Margolin：《World history of design》/B3526-Chapter-37-Partial-Duplicate-Introduction-to-Vichy-report.md,00-books/Margolin：《World history of design》/38-Chapter 37 World War II1939-1945.md,00-books-result/Margolin：《World history of design》/B44137669-Chapter-37-World-War-II1939-1945-report.md,19463,3a2456ede2a78443b9ec6c77f2483d45867fecd64bafb22c58fea5557c52757a
00-books-result/Margolin：《World history of design》/B3527-Chapter-37-Partial-Duplicate-Vichy-to-Mexico-report.md,00-books/Margolin：《World history of design》/39-LE COMITÉ D'ACTION ANTIBOLCHEVIQUEVENUE DE L'OPERA.md,00-books-result/Margolin：《World history of design》/B44137670-LE-COMITÉ-D-ACTION-ANTIBOLCHEVIQUEVENUE-DE-L-OPERA-report.md,18635,ca45ab0d1437032bc86c7bccd990c83149356e317abdcf2f920f9b55cc9a69bd
00-books-result/Margolin：《World history of design》/B3528-Chapter-37-Mexico-End-Bibliography-and-Index-Duplicate-report.md,00-books/Margolin：《World history of design》/40-ELNAZISMO CONFERENCIARAZAS DE 1º Y DE 2ª CLASEORADOR.md,00-books-result/Margolin：《World history of design》/B44137671-ELNAZISMO-CONFERENCIARAZAS-DE-1º-Y-DE-2ª-CLASEORADOR-report.md,16890,6b4d1f688d7452cf40cf8ffa43884bea92abe74217872cd3a9f42cd7b2a17b05
"00-books-result/Personas, Participatory Design and Product Development An Infrastructure for Engagement/B0359-benefits-risks-personas-report.md","00-books/Personas, Participatory Design and Product Development An Infrastructure for Engagement/02-Benefits of personas Risks of personas.md","00-books-result/Personas, Participatory Design and Product Development An Infrastructure for Engagement/02-Benefits of personas Risks of personas-report.md",16190,48c6e4d483d397dad7858eca4525c977da6983bef9bbe24f089fc86537fc449a
00-books-result/Pioneers Of Modern Design -- Nikolaus Pevsner -- 79d1b31976f272a671ce2a3b7a2db14/B0361-Pioneers-Modern-Design-01-report.md,00-books/Pioneers Of Modern Design -- Nikolaus Pevsner -- 79d1b31976f272a671ce2a3b7a2db14/01-Pioneers of Modern Design.md,00-books-result/Pioneers Of Modern Design -- Nikolaus Pevsner -- 79d1b31976f272a671ce2a3b7a2db14/01-Pioneers of Modern Design-report.md,12914,165be702634fd66c51b8ec77f48f6eb5391d17a0a728268c120ea7969a69fbc7
00-books-result/Pioneers Of Modern Design -- Nikolaus Pevsner -- 79d1b31976f272a671ce2a3b7a2db14/B0361-pioneers-modern-design-report.md,00-books/Pioneers Of Modern Design -- Nikolaus Pevsner -- 79d1b31976f272a671ce2a3b7a2db14/01-Pioneers of Modern Design.md,00-books-result/Pioneers Of Modern Design -- Nikolaus Pevsner -- 79d1b31976f272a671ce2a3b7a2db14/01-Pioneers of Modern Design-report.md,12908,2dc70d26ef8844a542260251968690d9234461c962d025a43c5331e9a17c7e76
00-books-result/Pioneers Of Modern Design -- Nikolaus Pevsner -- 79d1b31976f272a671ce2a3b7a2db14/B0362-Pioneers-Modern-Design-02-report.md,00-books/Pioneers Of Modern Design -- Nikolaus Pevsner -- 79d1b31976f272a671ce2a3b7a2db14/01-Pioneers of Modern Design.md,00-books-result/Pioneers Of Modern Design -- Nikolaus Pevsner -- 79d1b31976f272a671ce2a3b7a2db14/01-Pioneers of Modern Design-report.md,12914,e7bfee8b1eaa42a172bddd6261ef4bc297b63b77aaf9a559223e034e20163e20
00-books-result/Pioneers Of Modern Design -- Nikolaus Pevsner -- 79d1b31976f272a671ce2a3b7a2db14/B0363-foreword-first-edition-report.md,00-books/Pioneers Of Modern Design -- Nikolaus Pevsner -- 79d1b31976f272a671ce2a3b7a2db14/03-Foreword to the First Edition.md,00-books-result/Pioneers Of Modern Design -- Nikolaus Pevsner -- 79d1b31976f272a671ce2a3b7a2db14/03-Foreword to the First Edition-report.md,13889,66d0fee1c73fc646f76e7dc4a8d69de4f24c6c27cbef26ba255a062c5df9dbc1
00-books-result/Pioneers Of Modern Design -- Nikolaus Pevsner -- 79d1b31976f272a671ce2a3b7a2db14/B0364-foreword-second-edition-report.md,00-books/Pioneers Of Modern Design -- Nikolaus Pevsner -- 79d1b31976f272a671ce2a3b7a2db14/04-Foreword to the Second Edition.md,00-books-result/Pioneers Of Modern Design -- Nikolaus Pevsner -- 79d1b31976f272a671ce2a3b7a2db14/04-Foreword to the Second Edition-report.md,13074,27d12eebd4b7ab290ab75e46919d7a3d9414948efaa3ff977069e9ed48646d8d
00-books-result/Pioneers Of Modern Design -- Nikolaus Pevsner -- 79d1b31976f272a671ce2a3b7a2db14/B0365-Foreword-Pelican-Edition-report.md,00-books/Pioneers Of Modern Design -- Nikolaus Pevsner -- 79d1b31976f272a671ce2a3b7a2db14/05-Foreword to the Pelican Edition.md,00-books-result/Pioneers Of Modern Design -- Nikolaus Pevsner -- 79d1b31976f272a671ce2a3b7a2db14/05-Foreword to the Pelican Edition-report.md,20053,6a6f11c892b13616867c52ffe53386eabfb5a052db3d2d81a6424baa139f68e0
00-books-result/Scandinavian Design Alternative Histories (Kjetil Fallan (editor))/B0371-About-Authors-report.md,00-books/Scandinavian Design Alternative Histories (Kjetil Fallan (editor))/01-About the Authors.md,00-books-result/Scandinavian Design Alternative Histories (Kjetil Fallan (editor))/01-About the Authors-report.md,14546,cf91d170af517de98029064701ee84331d94f4813d898bf33822deeb5bb23253
00-books-result/Scandinavian Design Alternative Histories (Kjetil Fallan (editor))/05-FINLAND NORWAY-report.md,00-books/Scandinavian Design Alternative Histories (Kjetil Fallan (editor))/05-FINLAND NORWAY.md,00-books-result/Scandinavian Design Alternative Histories (Kjetil Fallan (editor))/B0375-Finland-Norway-report.md,14798,13b25e99c2c90a2902aa3aac54d743c96d5d1fb86345796115909d51391db26d
00-books-result/Scandinavian Design Alternative Histories (Kjetil Fallan (editor))/B0391-Something-Old-New-Stolen-report.md,"00-books/Scandinavian Design Alternative Histories (Kjetil Fallan (editor))/32-Something Old, Something New,Something Stolen, Som.md","00-books-result/Scandinavian Design Alternative Histories (Kjetil Fallan (editor))/32-Something Old, Something New,Something Stolen, Som-report.md",15912,d8c70ea60f9a0c3115fa6f9ec1717074252d846fc242cb966a26aa6072090fe1
00-books-result/Scandinavian Design Alternative Histories (Kjetil Fallan (editor))/B0393-Artistic-Accord-Photogenic-report.md,00-books/Scandinavian Design Alternative Histories (Kjetil Fallan (editor))/36-AN ARTISTIC ACCORD PHOTOGENIC DESIGN.md,00-books-result/Scandinavian Design Alternative Histories (Kjetil Fallan (editor))/36-AN ARTISTIC ACCORD PHOTOGENIC DESIGN-report.md,16017,6ee35c3b9163a1b3e00146a30805d221ef588249f7782e1d40c9abae517fadb5
"00-books-result/The design history reader -- Grace Lees-Maffei, Rebecca Houze (eds_) -- New York/B0464-Guide-Further-Reading-final-report.md","00-books/The design history reader -- Grace Lees-Maffei, Rebecca Houze (eds_) -- New York/11-GUIDE TO FURTHER READING.md","00-books-result/The design history reader -- Grace Lees-Maffei, Rebecca Houze (eds_) -- New York/B0539-Guide-Further-Reading-11-report.md",14831,eaed44a871c7426048920461ef53764b931c60c910eee5ca41e7953c51a3e972
"00-books-result/The design history reader -- Grace Lees-Maffei, Rebecca Houze (eds_) -- New York/B0467-Guide-Further-Reading-01-report.md","00-books/The design history reader -- Grace Lees-Maffei, Rebecca Houze (eds_) -- New York/11-GUIDE TO FURTHER READING.md","00-books-result/The design history reader -- Grace Lees-Maffei, Rebecca Houze (eds_) -- New York/B0539-Guide-Further-Reading-11-report.md",14825,393ade9b8cad7732dc6a091d72e2c24d2b3a254645aa27b0e75bd38627122066
"00-books-result/The design history reader -- Grace Lees-Maffei, Rebecca Houze (eds_) -- New York/B0475-Guide-Further-Reading-02-report.md","00-books/The design history reader -- Grace Lees-Maffei, Rebecca Houze (eds_) -- New York/11-GUIDE TO FURTHER READING.md","00-books-result/The design history reader -- Grace Lees-Maffei, Rebecca Houze (eds_) -- New York/B0539-Guide-Further-Reading-11-report.md",14825,7442eb3002b0daa9ad5e2e4265c52761c882a53642a7b3dad2919f4bc7643588
"00-books-result/The design history reader -- Grace Lees-Maffei, Rebecca Houze (eds_) -- New York/B0482-Guide-Further-Reading-03-report.md","00-books/The design history reader -- Grace Lees-Maffei, Rebecca Houze (eds_) -- New York/11-GUIDE TO FURTHER READING.md","00-books-result/The design history reader -- Grace Lees-Maffei, Rebecca Houze (eds_) -- New York/B0539-Guide-Further-Reading-11-report.md",14825,6bc982b7d0044b92a82c09aba318a1d52f4b46b4148a6b108a6a67c923ac9d0e
"00-books-result/The design history reader -- Grace Lees-Maffei, Rebecca Houze (eds_) -- New York/B0488-Guide-Further-Reading-04-report.md","00-books/The design history reader -- Grace Lees-Maffei, Rebecca Houze (eds_) -- New York/11-GUIDE TO FURTHER READING.md","00-books-result/The design history reader -- Grace Lees-Maffei, Rebecca Houze (eds_) -- New York/B0539-Guide-Further-Reading-11-report.md",14825,1a938c2dc7e9d7d91c06cd8091ce75d50c554f69ff75c760d94c7d03676e7e0c
"00-books-result/The design history reader -- Grace Lees-Maffei, Rebecca Houze (eds_) -- New York/B0496-Guide-Further-Reading-05-report.md","00-books/The design history reader -- Grace Lees-Maffei, Rebecca Houze (eds_) -- New York/11-GUIDE TO FURTHER READING.md","00-books-result/The design history reader -- Grace Lees-Maffei, Rebecca Houze (eds_) -- New York/B0539-Guide-Further-Reading-11-report.md",14825,f526a6b0a77ce87bd41b77191639330a7250a53c5016185b36fa3bab0243cb66
"00-books-result/The design history reader -- Grace Lees-Maffei, Rebecca Houze (eds_) -- New York/B0503-Guide-Further-Reading-06-report.md","00-books/The design history reader -- Grace Lees-Maffei, Rebecca Houze (eds_) -- New York/11-GUIDE TO FURTHER READING.md","00-books-result/The design history reader -- Grace Lees-Maffei, Rebecca Houze (eds_) -- New York/B0539-Guide-Further-Reading-11-report.md",14825,c5da8afd3c5276791fea81d2fe47d13488029498374fc63655dd22be1df5299b
"00-books-result/The design history reader -- Grace Lees-Maffei, Rebecca Houze (eds_) -- New York/B0512-Guide-Further-Reading-07-report.md","00-books/The design history reader -- Grace Lees-Maffei, Rebecca Houze (eds_) -- New York/11-GUIDE TO FURTHER READING.md","00-books-result/The design history reader -- Grace Lees-Maffei, Rebecca Houze (eds_) -- New York/B0539-Guide-Further-Reading-11-report.md",14825,53ee720e6fb3d3eb39de81b344334072ad11b4ecf42212c8ba1462bd9842fece
"00-books-result/The design history reader -- Grace Lees-Maffei, Rebecca Houze (eds_) -- New York/B0519-Guide-Further-Reading-08-report.md","00-books/The design history reader -- Grace Lees-Maffei, Rebecca Houze (eds_) -- New York/11-GUIDE TO FURTHER READING.md","00-books-result/The design history reader -- Grace Lees-Maffei, Rebecca Houze (eds_) -- New York/B0539-Guide-Further-Reading-11-report.md",14825,7109fd7b5d44608b3150586686badaed30eed8235dc38f7c12a531020019adc0
"00-books-result/The design history reader -- Grace Lees-Maffei, Rebecca Houze (eds_) -- New York/B0525-Guide-Further-Reading-09-report.md","00-books/The design history reader -- Grace Lees-Maffei, Rebecca Houze (eds_) -- New York/11-GUIDE TO FURTHER READING.md","00-books-result/The design history reader -- Grace Lees-Maffei, Rebecca Houze (eds_) -- New York/B0539-Guide-Further-Reading-11-report.md",14825,011f898192b4e639b62a9551bbb9d1051ecd7fdf8bf7b9494a61d7f9e4ebe7f4
"00-books-result/The design history reader -- Grace Lees-Maffei, Rebecca Houze (eds_) -- New York/B0532-Guide-Further-Reading-10-report.md","00-books/The design history reader -- Grace Lees-Maffei, Rebecca Houze (eds_) -- New York/11-GUIDE TO FURTHER READING.md","00-books-result/The design history reader -- Grace Lees-Maffei, Rebecca Houze (eds_) -- New York/B0539-Guide-Further-Reading-11-report.md",14825,4bc8b947f5b929f6d128f901ab1f789886eaca4637e8d960611d90a348b0ff96
"00-books-result/The designed world _ images, objects, environments -- Buchanan, Richard (editor)/B0742-Further-Reading-Part-II-report.md","00-books/The designed world _ images, objects, environments -- Buchanan, Richard (editor)/14-FURTHER READING FOR PART I.md","00-books-result/The designed world _ images, objects, environments -- Buchanan, Richard (editor)/B0724-Further-Reading-Part-I-report.md",14609,48f1e2762a3b6b60f3423d732348f0334c07cf41630812ace0b6ae9e8bcd30b6
"00-books-result/The designed world _ images, objects, environments -- Buchanan, Richard (editor)/B0736-Further-Reading-Part-II-Section-2-report.md","00-books/The designed world _ images, objects, environments -- Buchanan, Richard (editor)/22-FURTHER READING FOR PART II, SECTION 1.md","00-books-result/The designed world _ images, objects, environments -- Buchanan, Richard (editor)/B0729-Further-Reading-Part-II-Section-1-report.md",14032,8311255e4b2d6a44af78617d2a47d72722e0ec896b1eb440e901cc7e2db50ec8
"00-books-result/The designed world _ images, objects, environments -- Buchanan, Richard (editor)/B0740-Ecological-Design-Critique-report.md","00-books/The designed world _ images, objects, environments -- Buchanan, Richard (editor)/35-ECOLOGICAL DESIGN A NEW CRITIQUE.md","00-books-result/The designed world _ images, objects, environments -- Buchanan, Richard (editor)/B44140893-ECOLOGICAL-DESIGN-A-NEW-CRITIQUE-report.md",16618,ebdcd61fdfeab6bb0d0f74b545cfe50b7674181552b2878e06c89a42f592275c
"00-books-result/The designed world _ images, objects, environments -- Buchanan, Richard (editor)/B0741-Ethics-Aesthetics-Design-report.md","00-books/The designed world _ images, objects, environments -- Buchanan, Richard (editor)/37-ETHICS, AESTHETICS, AND DESIGN.md","00-books-result/The designed world _ images, objects, environments -- Buchanan, Richard (editor)/B44140894-ETHICS-AESTHETICS-AND-DESIGN-report.md",18562,6fd81c4b7b4ee3d241b7afbcbc49d5d6595c47e0375e36c9a12dfb3ad5f9d33a
"00-books-result/The printed image and the transformation of popular culture, 1790-1860 (Anderson/B0777-Reynolds-Miscellany-01-report.md","00-books/The printed image and the transformation of popular culture, 1790-1860 (Anderson/18-REYNOLDS'S MISCELLANY.md","00-books-result/The printed image and the transformation of popular culture, 1790-1860 (Anderson/B0784-Reynolds-Miscellany-04-report.md",14961,62187e60e32503860f9b3deac4b0ef85bfeeb0d99d404257861d0fe243df228c
"00-books-result/The printed image and the transformation of popular culture, 1790-1860 (Anderson/B0778-Reynolds-Miscellany-02-report.md","00-books/The printed image and the transformation of popular culture, 1790-1860 (Anderson/18-REYNOLDS'S MISCELLANY.md","00-books-result/The printed image and the transformation of popular culture, 1790-1860 (Anderson/B0784-Reynolds-Miscellany-04-report.md",14961,3ea6012c9f27430120f5116cd4e5ae0c43e407a1619e769e8cd7800d3fba13e9
"00-books-result/The printed image and the transformation of popular culture, 1790-1860 (Anderson/B0779-Reynolds-Miscellany-03-report.md","00-books/The printed image and the transformation of popular culture, 1790-1860 (Anderson/18-REYNOLDS'S MISCELLANY.md","00-books-result/The printed image and the transformation of popular culture, 1790-1860 (Anderson/B0784-Reynolds-Miscellany-04-report.md",14961,051633dbad4f7dfed8f75876aa572938a8cf122eb26e87a955066ed701d01725
"00-books-result/The printed image and the transformation of popular culture, 1790-1860 (Anderson/B0780-London-Journal-01-report.md","00-books/The printed image and the transformation of popular culture, 1790-1860 (Anderson/26-LONDON JOURNAL.md","00-books-result/The printed image and the transformation of popular culture, 1790-1860 (Anderson/B0787-London-Journal-03-report.md",14924,f5a9408364646daf7a049a6c497088bcafd5bd857c58fc76674b624aa6828be7
"00-books-result/The printed image and the transformation of popular culture, 1790-1860 (Anderson/B0785-London-Journal-02-report.md","00-books/The printed image and the transformation of popular culture, 1790-1860 (Anderson/26-LONDON JOURNAL.md","00-books-result/The printed image and the transformation of popular culture, 1790-1860 (Anderson/B0787-London-Journal-03-report.md",14924,7f9cec94e7dcbf3dcf7631220e44c5b9b6419a735aea2a82abb1966637b14b13
00-books-result/World History Of Design - Volume 2_ World War I To World War -- Victor Margolin/B1019-Graphics-on-the-Left-report.md,00-books/World History Of Design - Volume 2_ World War I To World War -- Victor Margolin/39-Graphics on the left.md,00-books-result/World History Of Design - Volume 2_ World War I To World War -- Victor Margolin/B1162-Graphics-on-the-left-report.md,15062,a0dccfbbbfa62317937186f2b0af19210244ebc6848ed3d3f91090b9cc9e08f4
00-books-result/World History Of Design - Volume 2_ World War I To World War -- Victor Margolin/B0899-Chapters-in-Books-report.md,00-books/World History Of Design - Volume 2_ World War I To World War -- Victor Margolin/76-Chapters in books.md,00-books-result/World History Of Design - Volume 2_ World War I To World War -- Victor Margolin/B1110-Chapters-in-books-report.md,14114,286eeac5673d2ab253647923a945b305d4b6118c891222f98a54ef82deca884a
00-books-result/World History Of Design - Volume 2_ World War I To World War -- Victor Margolin/B0972-US-Chapters-in-Books-report.md,00-books/World History Of Design - Volume 2_ World War I To World War -- Victor Margolin/76-Chapters in books.md,00-books-result/World History Of Design - Volume 2_ World War I To World War -- Victor Margolin/B1110-Chapters-in-books-report.md,14120,729dcce5234eb45b7aa16a94ba66a3bcd761701510d51b864b20767ca12b1222
00-books-result/World History Of Design - Volume 2_ World War I To World War -- Victor Margolin/B3500-Chapter-26-Scandinavia-1917-1945-report.md,00-books/World History Of Design - Volume 2_ World War I To World War -- Victor Margolin/World History Of Design - Volume 2_ World War I To World War -- Victor Margolin_27_body_Sweden___Denmark___Household_g.md,00-books-result/World History Of Design - Volume 2_ World War I To World War -- Victor Margolin/B44141968-World-History-Of-Design-Volume-2_-World-War-I-To-World-War-Victo-report.md,20890,03848914a75c5bb3ee67fe6f9b0105c7b70116118600de18b646e8f24c3ed3ad
00-books-result/World History Of Design - Volume 2_ World War I To World War -- Victor Margolin/B3501-Chapter-26-Bibliographic-Essay-and-Chapter-27-Boundary-report.md,00-books/World History Of Design - Volume 2_ World War I To World War -- Victor Margolin/World History Of Design - Volume 2_ World War I To World War -- Victor Margolin_29_body_Bibliographic_essay___Books___.md,00-books-result/World History Of Design - Volume 2_ World War I To World War -- Victor Margolin/B44141970-World-History-Of-Design-Volume-2_-World-War-I-To-World-War-Victo-report.md,17180,4bc31c246453caac18bb602e36d35a93c27c4b21f97bfb7ccaf06c1a3e32f5d4
00-books-result/World History Of Design - Volume 2_ World War I To World War -- Victor Margolin/B3502-Chapter-27-Dictatorship-Design-and-Industry-1922-1940-report.md,00-books/World History Of Design - Volume 2_ World War I To World War -- Victor Margolin/World History Of Design - Volume 2_ World War I To World War -- Victor Margolin_31_body_Italy___Fascism___Futurism___T.md,00-books-result/World History Of Design - Volume 2_ World War I To World War -- Victor Margolin/B44141972-World-History-Of-Design-Volume-2_-World-War-I-To-World-War-Victo-report.md,21864,ee0ad1b1ed7f6aff89d36532f01bc0a0a6e6be0496015b32798a3c9360a73921
00-books-result/World History Of Design - Volume 2_ World War I To World War -- Victor Margolin/B3503-Chapter-27-Bibliographic-Essay-and-Chapter-28-Boundary-report.md,00-books/World History Of Design - Volume 2_ World War I To World War -- Victor Margolin/World History Of Design - Volume 2_ World War I To World War -- Victor Margolin_33_body_Bibliographic_essay___Books___.md,00-books-result/World History Of Design - Volume 2_ World War I To World War -- Victor Margolin/B44141974-World-History-Of-Design-Volume-2_-World-War-I-To-World-War-Victo-report.md,17048,20f6cb595b2522697829e17d19da3b5947c38386faf00a3a2f82b1e1dbfa7c37
00-books-result/World History Of Design - Volume 2_ World War I To World War -- Victor Margolin/B3504-Chapter-28-United-States-1917-1941-report.md,00-books/World History Of Design - Volume 2_ World War I To World War -- Victor Margolin/World History Of Design - Volume 2_ World War I To World War -- Victor Margolin_35_body_The_Depression_and_the_New_Dea.md,00-books-result/World History Of Design - Volume 2_ World War I To World War -- Victor Margolin/B44141976-World-History-Of-Design-Volume-2_-World-War-I-To-World-War-Victo-report.md,21718,6c25af28f1c69dbbc3d29e5e6c918f585802963e6860cf7c05de437c4a81c0ab
00-books-result/World History Of Design - Volume 2_ World War I To World War -- Victor Margolin/B3505-Chapter-28-Bibliographic-Essay-Plate-Section-and-Chapter-29-Boundary-report.md,00-books/World History Of Design - Volume 2_ World War I To World War -- Victor Margolin/World History Of Design - Volume 2_ World War I To World War -- Victor Margolin_37_body_Bibliographic_essay___Books___.md,00-books-result/World History Of Design - Volume 2_ World War I To World War -- Victor Margolin/B44141978-World-History-Of-Design-Volume-2_-World-War-I-To-World-War-Victo-report.md,17986,060011d2aa150705475763b763bb539f5fa4157f59ad6297edc68ddbd75a3739
00-books-result/World History Of Design - Volume 2_ World War I To World War -- Victor Margolin/B3506-Chapter-29-Latin-America-Cuba-Mexico-Brazil-1900-1939-report.md,00-books/World History Of Design - Volume 2_ World War I To World War -- Victor Margolin/World History Of Design - Volume 2_ World War I To World War -- Victor Margolin_39_body_Cuba___The_decorative_arts___G.md,00-books-result/World History Of Design - Volume 2_ World War I To World War -- Victor Margolin/B44141980-World-History-Of-Design-Volume-2_-World-War-I-To-World-War-Victo-report.md,21122,deb9aeca5cbad3f2e1356f2d040298277036bb799bed4cf9db7b132468a705f5
00-books-result/World History Of Design - Volume 2_ World War I To World War -- Victor Margolin/B3507-Chapter-29-Bibliographic-Essay-and-Chapter-30-Boundary-report.md,00-books/World History Of Design - Volume 2_ World War I To World War -- Victor Margolin/World History Of Design - Volume 2_ World War I To World War -- Victor Margolin_41_body_Bibliographic_essay___Books___.md,00-books-result/World History Of Design - Volume 2_ World War I To World War -- Victor Margolin/B44141982-World-History-Of-Design-Volume-2_-World-War-I-To-World-War-Victo-report.md,19738,4cbb780ecd54c14a4b924737f245791217371461b5f884619389427bea34b45a
00-books-result/World History Of Design - Volume 2_ World War I To World War -- Victor Margolin/B3508-Chapter-30-Latin-America-Chile-Argentina-Colombia-Venezuela-Uruguay-1900-1939-report.md,00-books/World History Of Design - Volume 2_ World War I To World War -- Victor Margolin/World History Of Design - Volume 2_ World War I To World War -- Victor Margolin_41_body_Bibliographic_essay___Books___.md,00-books-result/World History Of Design - Volume 2_ World War I To World War -- Victor Margolin/B44141982-World-History-Of-Design-Volume-2_-World-War-I-To-World-War-Victo-report.md,19784,95e3181464e4c4c586be23b529f1ccd171c250bcb811812e83dc40b35d34b65e
00-books-result/World History Of Design - Volume 2_ World War I To World War -- Victor Margolin/B3509-Chapter-30-Bibliographic-Essay-and-Chapter-31-Boundary-report.md,00-books/World History Of Design - Volume 2_ World War I To World War -- Victor Margolin/World History Of Design - Volume 2_ World War I To World War -- Victor Margolin_43_body_Bibliographic_essay___Books___.md,00-books-result/World History Of Design - Volume 2_ World War I To World War -- Victor Margolin/B44141984-World-History-Of-Design-Volume-2_-World-War-I-To-World-War-Victo-report.md,16535,de295139d5c95757a6972e78e7ade2b924f4e5306919a879e8f044a12493192f
00-books-result/World History Of Design - Volume 2_ World War I To World War -- Victor Margolin/B3510-Chapter-31-Commonwealth-Canada-Australia-New-Zealand-1900-1939-report.md,00-books/World History Of Design - Volume 2_ World War I To World War -- Victor Margolin/World History Of Design - Volume 2_ World War I To World War -- Victor Margolin_45_body_Canada___Furniture_and_domesti.md,00-books-result/World History Of Design - Volume 2_ World War I To World War -- Victor Margolin/B44141986-World-History-Of-Design-Volume-2_-World-War-I-To-World-War-Victo-report.md,20804,55cd383837b6aedba24d9cb030f5643b43f081f2fdc4ce84767cbb81d03fe4fd
00-books-result/World History Of Design - Volume 2_ World War I To World War -- Victor Margolin/B3511-Chapter-31-Bibliographic-Essay-and-Chapter-32-Boundary-report.md,00-books/World History Of Design - Volume 2_ World War I To World War -- Victor Margolin/World History Of Design - Volume 2_ World War I To World War -- Victor Margolin_47_body_Bibliographic_essay___Books___.md,00-books-result/World History Of Design - Volume 2_ World War I To World War -- Victor Margolin/B44141988-World-History-Of-Design-Volume-2_-World-War-I-To-World-War-Victo-report.md,20167,af3f64e76ca8bd0cf897a0786321e5e430d1867d93fb5e1e63819a7e78083a66
00-books-result/World History Of Design - Volume 2_ World War I To World War -- Victor Margolin/B3512-Chapter-32-Near-and-Middle-East-1900-1939-report.md,00-books/World History Of Design - Volume 2_ World War I To World War -- Victor Margolin/World History Of Design - Volume 2_ World War I To World War -- Victor Margolin_47_body_Bibliographic_essay___Books___.md,00-books-result/World History Of Design - Volume 2_ World War I To World War -- Victor Margolin/B44141988-World-History-Of-Design-Volume-2_-World-War-I-To-World-War-Victo-report.md,20141,19ed149c39283bdae42db4a0c0c252a486e77f360120f846cc3866e783613b18
00-books-result/World History Of Design - Volume 2_ World War I To World War -- Victor Margolin/B3513-Chapter-32-Bibliographic-Essay-and-Chapter-33-Boundary-report.md,00-books/World History Of Design - Volume 2_ World War I To World War -- Victor Margolin/World History Of Design - Volume 2_ World War I To World War -- Victor Margolin_49_body_Bibliographic_essay___Books___.md,00-books-result/World History Of Design - Volume 2_ World War I To World War -- Victor Margolin/B44141990-World-History-Of-Design-Volume-2_-World-War-I-To-World-War-Victo-report.md,17412,4d53aae8606b37acd308271037dfda47443ea1f8c5877fb636ca3523c913d139
00-books-result/World History Of Design - Volume 2_ World War I To World War -- Victor Margolin/B3514-Chapter-33-Colonies-Africa-1900-1945-report.md,00-books/World History Of Design - Volume 2_ World War I To World War -- Victor Margolin/World History Of Design - Volume 2_ World War I To World War -- Victor Margolin_51_body_East_and_West_Africa__From_Cra.md,00-books-result/World History Of Design - Volume 2_ World War I To World War -- Victor Margolin/B44141992-World-History-Of-Design-Volume-2_-World-War-I-To-World-War-Victo-report.md,20758,9fca2b5310bb846cfe9f83a297347382f33364cd767a084f32ff14fd765db582
00-books-result/World History Of Design - Volume 2_ World War I To World War -- Victor Margolin/B3515-Chapter-33-Bibliographic-Essay-and-Chapter-34-Boundary-report.md,00-books/World History Of Design - Volume 2_ World War I To World War -- Victor Margolin/World History Of Design - Volume 2_ World War I To World War -- Victor Margolin_53_body_Bibliographic_essay___Books___.md,00-books-result/World History Of Design - Volume 2_ World War I To World War -- Victor Margolin/B44141994-World-History-Of-Design-Volume-2_-World-War-I-To-World-War-Victo-report.md,17387,2b2cb59f4865749d441e5c3836a6c33944fb6339420d9e504f36f0d03b6d9759
00-books-result/World History Of Design - Volume 2_ World War I To World War -- Victor Margolin/B3516-Chapter-34-India-Hong-Kong-Burma-1900-1945-report.md,00-books/World History Of Design - Volume 2_ World War I To World War -- Victor Margolin/World History Of Design - Volume 2_ World War I To World War -- Victor Margolin_54_preface_Introduction.md,00-books-result/World History Of Design - Volume 2_ World War I To World War -- Victor Margolin/B44141995-World-History-Of-Design-Volume-2_-World-War-I-To-World-War-Victo-report.md,15141,3a78548be499b34ee372f04f3affa984426ac49aaaafa86ecf4acb6f1ba8b5d8
00-books-result/World History Of Design - Volume 2_ World War I To World War -- Victor Margolin/B3517-Chapter-34-Bibliographic-Essay-and-Chapter-35-Boundary-report.md,00-books/World History Of Design - Volume 2_ World War I To World War -- Victor Margolin/World History Of Design - Volume 2_ World War I To World War -- Victor Margolin_57_body_Bibliographic_essay___Books___.md,00-books-result/World History Of Design - Volume 2_ World War I To World War -- Victor Margolin/B44141998-World-History-Of-Design-Volume-2_-World-War-I-To-World-War-Victo-report.md,16523,18a5b60974e04b385ec403277ec315d896c0bf9a38d50137616234ca5980f0a3
00-books-result/World History Of Design - Volume 2_ World War I To World War -- Victor Margolin/B44141999-World-History-Of-Design-Volume-2_-World-War-I-To-World-War-Victo-report.md,00-books/World History Of Design - Volume 2_ World War I To World War -- Victor Margolin/World History Of Design - Volume 2_ World War I To World War -- Victor Margolin_58_preface_Introduction.md,00-books-result/World History Of Design - Volume 2_ World War I To World War -- Victor Margolin/World History Of Design - Volume 2_ World War I To World War -- Victor Margolin_58_preface_Introduction-report.md,15356,6c9720dd84405d7f0251518693fc3caaf03f72d0930546e54250101bd3022e92
00-books-result/World History Of Design - Volume 2_ World War I To World War -- Victor Margolin/B3518-Chapter-35-China-and-Siam-1900-1939-report.md,"00-books/World History Of Design - Volume 2_ World War I To World War -- Victor Margolin/World History Of Design - Volume 2_ World War I To World War -- Victor Margolin_59_body_China___Crafts,_early_industri.md","00-books-result/World History Of Design - Volume 2_ World War I To World War -- Victor Margolin/World History Of Design - Volume 2_ World War I To World War -- Victor Margolin_59_body_China___Crafts,_early_industri-report.md",21086,2973e7649d278333230b946f2fbd109d1a25395adf9476b320e9966f0474b45d
00-books-result/World History Of Design - Volume 2_ World War I To World War -- Victor Margolin/B44142000-World-History-Of-Design-Volume-2_-World-War-I-To-World-War-Victo-report.md,"00-books/World History Of Design - Volume 2_ World War I To World War -- Victor Margolin/World History Of Design - Volume 2_ World War I To World War -- Victor Margolin_59_body_China___Crafts,_early_industri.md","00-books-result/World History Of Design - Volume 2_ World War I To World War -- Victor Margolin/World History Of Design - Volume 2_ World War I To World War -- Victor Margolin_59_body_China___Crafts,_early_industri-report.md",21152,0111a6e5bb67ee0f0f762dd2fc9e1489b5b662cc1234f8cebda6ffff03c83ba8
00-books-result/World History Of Design - Volume 2_ World War I To World War -- Victor Margolin/B3519-Chapter-35-Bibliographic-Essay-and-Chapter-36-Boundary-report.md,00-books/World History Of Design - Volume 2_ World War I To World War -- Victor Margolin/World History Of Design - Volume 2_ World War I To World War -- Victor Margolin_61_body_Bibliographic_essay___Books___.md,00-books-result/World History Of Design - Volume 2_ World War I To World War -- Victor Margolin/B44142002-World-History-Of-Design-Volume-2_-World-War-I-To-World-War-Victo-report.md,17060,21f325ffca394fe2aa6452ab2e8b77b38640d45ac43565c064ca4cd3b158129d
00-books-result/World History Of Design - Volume 2_ World War I To World War -- Victor Margolin/B3520-Chapter-36-Japan-Colonies-Territories-1900-1937-report.md,00-books/World History Of Design - Volume 2_ World War I To World War -- Victor Margolin/World History Of Design - Volume 2_ World War I To World War -- Victor Margolin_63_body_Developing_a_design_policy___F.md,00-books-result/World History Of Design - Volume 2_ World War I To World War -- Victor Margolin/World History Of Design - Volume 2_ World War I To World War -- Victor Margolin_63_body_Developing_a_design_policy___F-report.md,21740,7f68510ecea0ecfe1b88ec845b045722b9419f99de0a1acc56cc78d0fd6036dc
00-books-result/World History Of Design - Volume 2_ World War I To World War -- Victor Margolin/B44142004-World-History-Of-Design-Volume-2_-World-War-I-To-World-War-Victo-report.md,00-books/World History Of Design - Volume 2_ World War I To World War -- Victor Margolin/World History Of Design - Volume 2_ World War I To World War -- Victor Margolin_63_body_Developing_a_design_policy___F.md,00-books-result/World History Of Design - Volume 2_ World War I To World War -- Victor Margolin/World History Of Design - Volume 2_ World War I To World War -- Victor Margolin_63_body_Developing_a_design_policy___F-report.md,21782,3b5a0d2df4279b0e7e3318d624feeb6cf40e4fc0e65abf932788cd1ffde98ad9
00-books-result/World History Of Design - Volume 2_ World War I To World War -- Victor Margolin/B3521-Chapter-36-Bibliographic-Essay-and-Chapter-37-Boundary-report.md,00-books/World History Of Design - Volume 2_ World War I To World War -- Victor Margolin/World History Of Design - Volume 2_ World War I To World War -- Victor Margolin_65_body_Bibliographic_essay___Books___.md,00-books-result/World History Of Design - Volume 2_ World War I To World War -- Victor Margolin/B44142006-World-History-Of-Design-Volume-2_-World-War-I-To-World-War-Victo-report.md,17380,821d16f52e230ec60589339a59abe014f6d009e6f1b24630458ba47f17fcb730
00-books-result/World History Of Design - Volume 2_ World War I To World War -- Victor Margolin/B3525-Chapter-37-Introduction-and-B3522-Scope-Correction-report.md,00-books/World History Of Design - Volume 2_ World War I To World War -- Victor Margolin/World History Of Design - Volume 2_ World War I To World War -- Victor Margolin_66_preface_Introduction.md,00-books-result/World History Of Design - Volume 2_ World War I To World War -- Victor Margolin/B44142007-World-History-Of-Design-Volume-2_-World-War-I-To-World-War-Victo-report.md,15226,bbea95ef56239dd8541f9063855763f76122b4ec4ba11cd1bbbb25e924cb98d2
00-books-result/World History Of Design - Volume 2_ World War I To World War -- Victor Margolin/B3522-Chapter-37-World-War-II-1939-1945-report.md,00-books/World History Of Design - Volume 2_ World War I To World War -- Victor Margolin/World History Of Design - Volume 2_ World War I To World War -- Victor Margolin_67_body_Germany___Italy___Great_Britai.md,00-books-result/World History Of Design - Volume 2_ World War I To World War -- Victor Margolin/B44142008-World-History-Of-Design-Volume-2_-World-War-I-To-World-War-Victo-report.md,20691,f6b702470c6da4f950f0bbd154443f2a7372c340c8bfbe8d459ca6542be72eb6
00-books-result/World History Of Design - Volume 2_ World War I To World War -- Victor Margolin/B3523-Chapter-37-Bibliographic-Essay-and-Index-Boundary-report.md,00-books/World History Of Design - Volume 2_ World War I To World War -- Victor Margolin/World History Of Design - Volume 2_ World War I To World War -- Victor Margolin_69_body_Bibliographic_essay___Books___.md,00-books-result/World History Of Design - Volume 2_ World War I To World War -- Victor Margolin/B44142010-World-History-Of-Design-Volume-2_-World-War-I-To-World-War-Victo-report.md,17415,a6c2a588ab75909977b2a1b8bc1b5a88d02c9817c6d68d4e53d05c6b24ad5085
